{"type":"FeatureCollection","features":[{"type":"Feature","properties":{"descriptio":"","name":"","namn":"Uppsala stift","skpkod":"01"},"geometry":{"type":"Polygon","coordinates":[[[18.3208,59.6891],[18.3163,59.6854],[18.3046,59.6807],[18.2991,59.6767],[18.2932,59.6793],[18.2908,59.6853],[18.2859,59.6863],[18.2751,59.6832],[18.2545,59.6742],[18.2455,59.6728],[18.2376,59.6703],[18.2263,59.6689],[18.2252,59.668],[18.213,59.6702],[18.212,59.6679],[18.1953,59.6702],[18.1846,59.6677],[18.1809,59.6677],[18.172,59.6695],[18.1588,59.6683],[18.1533,59.6836],[18.1281,59.6772],[18.1288,59.6744],[18.1268,59.6737],[18.1301,59.6704],[18.123,59.6696],[18.1181,59.6682],[18.1068,59.6628],[18.0919,59.6587],[18.0888,59.6563],[18.0937,59.6503],[18.0923,59.6435],[18.0959,59.6367],[18.0915,59.6354],[18.0819,59.6371],[18.0716,59.6366],[18.0661,59.6371],[18.0336,59.6354],[18.0154,59.6378],[18.0205,59.626],[18.0132,59.6238],[18.015,59.6164],[18.0136,59.6059],[18.0157,59.5999],[18.0136,59.5961],[18.0168,59.5931],[18.0109,59.5818],[18.0097,59.5769],[18.0114,59.5746],[18.0068,59.5736],[18.0093,59.572],[18.012,59.5728],[18.0134,59.5708],[18.0103,59.5701],[18.0072,59.5678],[18.0032,59.5665],[17.9985,59.566],[17.9975,59.5665],[17.9964,59.5657],[17.9937,59.567],[17.9871,59.5664],[17.9846,59.5661],[17.9838,59.5645],[17.9757,59.5638],[17.9768,59.5578],[17.9735,59.5563],[17.973,59.5514],[17.9708,59.5485],[17.9695,59.5486],[17.9707,59.551],[17.9677,59.5531],[17.9695,59.5594],[17.9652,59.56],[17.9611,59.558],[17.956,59.5584],[17.9533,59.557],[17.9453,59.5559],[17.9399,59.5582],[17.9199,59.5641],[17.9105,59.5575],[17.9068,59.5571],[17.8946,59.5533],[17.8897,59.5531],[17.8889,59.5521],[17.8875,59.5521],[17.8869,59.5537],[17.8816,59.5546],[17.8764,59.5541],[17.8729,59.5521],[17.8601,59.5565],[17.8502,59.5585],[17.8537,59.5662],[17.8476,59.5696],[17.831,59.5701],[17.8254,59.5725],[17.8073,59.5756],[17.8109,59.5341],[17.8357,59.5271],[17.832,59.5221],[17.7993,59.5089],[17.799,59.505],[17.7965,59.5023],[17.7963,59.4969],[17.7936,59.4929],[17.7938,59.4896],[17.7958,59.4871],[17.7919,59.4722],[17.792,59.4711],[17.7946,59.4701],[17.7971,59.4676],[17.7737,59.4489],[17.7644,59.4398],[17.7599,59.4296],[17.7255,59.4185],[17.7137,59.4221],[17.7047,59.4306],[17.6821,59.4328],[17.6764,59.4402],[17.6368,59.4516],[17.631,59.4474],[17.6254,59.4367],[17.6172,59.4366],[17.6135,59.4355],[17.6067,59.4282],[17.597,59.4304],[17.5887,59.4309],[17.5832,59.4303],[17.5716,59.4341],[17.5643,59.4421],[17.5548,59.4387],[17.5436,59.4418],[17.5315,59.4402],[17.4891,59.4408],[17.4797,59.4437],[17.4531,59.4465],[17.4357,59.4417],[17.4262,59.4279],[17.4261,59.4139],[17.432,59.3971],[17.4151,59.3835],[17.3834,59.3969],[17.3891,59.4141],[17.365,59.4166],[17.3567,59.4342],[17.3539,59.4378],[17.3364,59.4413],[17.3112,59.4377],[17.3032,59.442],[17.2907,59.4462],[17.2078,59.4626],[17.1822,59.4791],[17.159,59.4853],[17.1551,59.49],[17.1524,59.4968],[17.1531,59.5002],[17.1501,59.5078],[17.1438,59.5121],[17.1415,59.5162],[17.1301,59.5198],[17.1178,59.5263],[17.0839,59.5307],[17.0786,59.5234],[17.064,59.511],[17.046,59.5163],[17.0416,59.5144],[17.0378,59.5113],[17.0302,59.5084],[16.9961,59.5127],[16.9858,59.5177],[16.9659,59.5204],[16.926,59.5464],[16.9213,59.5476],[16.9174,59.5647],[16.9106,59.5727],[16.9082,59.5775],[16.9016,59.5842],[16.8922,59.599],[16.8879,59.6029],[16.8822,59.6144],[16.8819,59.6174],[16.8739,59.626],[16.8723,59.6295],[16.873,59.6317],[16.8626,59.6461],[16.8617,59.6516],[16.8598,59.6528],[16.8585,59.6579],[16.8543,59.6633],[16.8547,59.6669],[16.8485,59.6713],[16.8446,59.6756],[16.8419,59.6766],[16.8395,59.6798],[16.8408,59.6813],[16.8315,59.6848],[16.8241,59.6888],[16.8201,59.6923],[16.8227,59.6976],[16.8207,59.7005],[16.8215,59.7016],[16.8193,59.7024],[16.8195,59.7049],[16.8159,59.7102],[16.8122,59.7106],[16.8081,59.7136],[16.7964,59.7159],[16.7938,59.7155],[16.7883,59.7166],[16.7839,59.7184],[16.7809,59.7239],[16.7844,59.7316],[16.7813,59.7351],[16.7818,59.7391],[16.7758,59.7464],[16.7641,59.7552],[16.7579,59.7574],[16.7527,59.7624],[16.7484,59.7636],[16.7434,59.7678],[16.7306,59.7752],[16.7275,59.7749],[16.729,59.7768],[16.7361,59.7798],[16.7369,59.7814],[16.7535,59.7911],[16.7528,59.7914],[16.764,59.7963],[16.7656,59.7979],[16.7644,59.8012],[16.7653,59.8025],[16.7671,59.8028],[16.7693,59.8022],[16.7711,59.804],[16.7743,59.8052],[16.7886,59.8067],[16.7879,59.8077],[16.7862,59.8075],[16.7839,59.8104],[16.7871,59.8109],[16.7924,59.8151],[16.7971,59.8153],[16.8035,59.8134],[16.808,59.8157],[16.8112,59.8199],[16.8046,59.8205],[16.7999,59.8248],[16.8026,59.826],[16.8098,59.8262],[16.8098,59.833],[16.8181,59.8365],[16.8163,59.8386],[16.8136,59.8376],[16.801,59.8441],[16.8129,59.8518],[16.8177,59.8522],[16.8366,59.8599],[16.8371,59.8616],[16.8291,59.863],[16.8296,59.8642],[16.8223,59.865],[16.8005,59.8696],[16.799,59.8815],[16.7779,59.8901],[16.7731,59.8943],[16.7778,59.9057],[16.7871,59.9055],[16.8021,59.9087],[16.7984,59.9188],[16.7992,59.9203],[16.7943,59.9459],[16.7921,59.9428],[16.7907,59.9425],[16.7915,59.9459],[16.7871,59.9479],[16.7841,59.9527],[16.7769,59.9553],[16.7752,59.9537],[16.772,59.9536],[16.7714,59.9524],[16.7686,59.9519],[16.7694,59.9502],[16.7678,59.9495],[16.7631,59.9492],[16.7614,59.9512],[16.7614,59.9533],[16.7694,59.9603],[16.7716,59.9638],[16.7766,59.9625],[16.7772,59.9652],[16.7777,59.963],[16.7836,59.962],[16.7839,59.9633],[16.7892,59.9658],[16.7743,59.9743],[16.7617,59.975],[16.7501,59.977],[16.7412,59.9807],[16.7382,59.9829],[16.7367,59.9871],[16.7343,59.9893],[16.7352,59.9932],[16.7337,60.002],[16.7268,60.001],[16.7236,60.0012],[16.7227,60.0047],[16.719,60.0061],[16.7194,60.0076],[16.7162,60.0109],[16.7213,60.0162],[16.7228,60.0196],[16.7277,60.0363],[16.7275,60.0434],[16.7117,60.0562],[16.7175,60.0575],[16.7074,60.0717],[16.7031,60.0741],[16.7,60.0776],[16.692,60.0833],[16.7142,60.0894],[16.7052,60.109],[16.7286,60.111],[16.7323,60.1126],[16.7322,60.1154],[16.7352,60.1177],[16.7275,60.1209],[16.7473,60.1359],[16.7381,60.1481],[16.739,60.1526],[16.7346,60.1575],[16.7331,60.1618],[16.7336,60.1656],[16.7165,60.1849],[16.711,60.1873],[16.6986,60.205],[16.699,60.2093],[16.6914,60.2149],[16.6852,60.2167],[16.6632,60.2272],[16.6464,60.2321],[16.6293,60.2386],[16.6184,60.2728],[16.6152,60.2789],[16.6103,60.2831],[16.5884,60.2943],[16.5793,60.2976],[16.5734,60.3064],[16.5612,60.3168],[16.5619,60.3173],[16.5606,60.3177],[16.5517,60.3307],[16.5427,60.34],[16.5165,60.3555],[16.4754,60.3665],[16.4479,60.3716],[16.4232,60.3792],[16.4065,60.3773],[16.3927,60.3794],[16.346,60.4153],[16.3465,60.416],[16.3441,60.4161],[16.3372,60.4215],[16.3347,60.4281],[16.2829,60.4724],[16.2786,60.4836],[16.2794,60.4855],[16.2706,60.4859],[16.2698,60.4847],[16.268,60.485],[16.2677,60.4862],[16.2592,60.4875],[16.2512,60.4866],[16.253,60.4888],[16.2674,60.49],[16.271,60.4909],[16.2713,60.4922],[16.2649,60.4954],[16.2635,60.4914],[16.2599,60.4934],[16.2589,60.4932],[16.246,60.504],[16.1948,60.5353],[16.1796,60.5554],[16.1715,60.561],[16.166,60.577],[16.1365,60.6103],[16.1976,60.614],[16.2384,60.6231],[16.262,60.6444],[16.3178,60.6895],[16.3185,60.6937],[16.3141,60.6949],[16.3154,60.698],[16.3121,60.7012],[16.3137,60.7025],[16.3103,60.7024],[16.3077,60.7032],[16.3104,60.7054],[16.3077,60.7062],[16.3345,60.7289],[16.3434,60.725],[16.377,60.7436],[16.3857,60.7597],[16.3841,60.7797],[16.3861,60.7868],[16.2552,60.8638],[16.2287,60.8912],[16.2257,60.8923],[16.2216,60.8959],[16.2206,60.8983],[16.2219,60.8983],[16.131,60.9921],[15.9214,61.0077],[15.762,61.0496],[15.6803,61.1133],[15.6798,61.1198],[15.6574,61.2156],[15.5432,61.2807],[15.4401,61.3332],[15.3008,61.4261],[15.205,61.5039],[15.1533,61.5958],[15.0954,61.4929],[15.0932,61.4841],[14.9772,61.4913],[14.9694,61.4939],[14.9529,61.4916],[14.9507,61.4899],[14.9474,61.4895],[14.9326,61.4923],[14.9267,61.4926],[14.9239,61.4938],[14.9135,61.4926],[14.9002,61.4966],[14.8927,61.4945],[14.8859,61.4953],[14.8707,61.4947],[14.8645,61.4952],[14.8581,61.4936],[14.8484,61.4955],[14.8425,61.4939],[14.8335,61.4937],[14.8243,61.4923],[14.8149,61.4924],[14.8119,61.4942],[14.8041,61.4951],[14.7955,61.4948],[14.7857,61.4925],[14.7594,61.493],[14.756,61.4955],[14.7381,61.4931],[14.7308,61.4966],[14.7234,61.4949],[14.7217,61.492],[14.7162,61.4891],[14.7065,61.4892],[14.7038,61.4907],[14.7011,61.491],[14.6951,61.4901],[14.6908,61.4904],[14.6894,61.49],[14.6907,61.4886],[14.69,61.4876],[14.6848,61.4863],[14.683,61.4868],[14.6793,61.4862],[14.6788,61.4875],[14.6747,61.4877],[14.6723,61.4902],[14.6676,61.4917],[14.6676,61.4962],[14.6637,61.499],[14.6559,61.5009],[14.6595,61.5072],[14.6596,61.5105],[14.6638,61.5131],[14.6698,61.5192],[14.6706,61.5217],[14.6735,61.5239],[14.675,61.5283],[14.6683,61.5392],[14.6689,61.546],[14.6583,61.5512],[14.6568,61.557],[14.6538,61.5612],[14.6574,61.5636],[14.6631,61.5648],[14.665,61.5643],[14.6665,61.5651],[14.6662,61.5667],[14.6635,61.5676],[14.6639,61.5693],[14.6693,61.5709],[14.6724,61.5733],[14.6715,61.5737],[14.6758,61.5753],[14.6752,61.5779],[14.6764,61.5791],[14.6748,61.5801],[14.6796,61.584],[14.677,61.5862],[14.6781,61.5871],[14.6766,61.5913],[14.4466,61.5947],[14.4994,61.6259],[14.5152,61.7272],[14.5209,61.7268],[14.5223,61.7341],[14.5164,61.7344],[14.5248,61.7846],[14.5303,61.7838],[14.6729,61.8966],[14.6864,61.9016],[14.691,61.8976],[14.6914,61.8944],[14.698,61.887],[14.6975,61.8857],[14.6996,61.8848],[14.699,61.8819],[14.7003,61.8805],[14.6987,61.8795],[14.7014,61.8764],[14.7049,61.8761],[14.7121,61.87],[14.7194,61.8616],[14.7336,61.8495],[14.738,61.8428],[14.7432,61.8411],[14.745,61.838],[14.7639,61.823],[14.7627,61.8206],[14.768,61.8179],[14.7693,61.8161],[14.772,61.8153],[14.7852,61.8046],[14.8031,61.7956],[14.8276,61.7903],[14.8286,61.7909],[14.8563,61.7836],[14.8417,61.8042],[14.8093,61.8182],[14.7609,61.8641],[14.8058,61.8862],[14.8631,61.8274],[14.8654,61.8091],[14.9278,61.8213],[14.9218,61.8419],[14.9049,61.8793],[14.9094,61.8805],[14.9285,61.8771],[15.045,61.868],[15.0476,61.8239],[15.0918,61.8191],[15.1086,61.844],[15.0854,61.8962],[15.1159,61.8944],[15.1125,61.9355],[15.1406,61.9522],[15.1106,61.9568],[15.1094,61.9664],[15.0921,61.9969],[15.2078,62.0383],[15.2095,62.0377],[15.2119,62.0394],[15.262,62.0573],[15.3402,62.0913],[15.4172,62.1114],[15.4292,62.1449],[15.4014,62.1832],[15.3992,62.1948],[15.3567,62.2136],[15.3487,62.225],[15.3261,62.272],[15.3785,62.2972],[15.4394,62.319],[15.5053,62.3386],[15.6132,62.3435],[16.0134,62.2592],[16.2312,62.2343],[16.4353,62.2362],[16.5209,62.233],[16.6327,62.2142],[16.7174,62.208],[16.8014,62.2028],[16.8915,62.176],[16.9344,62.168],[16.9338,62.1717],[16.9381,62.1701],[16.9424,62.1716],[16.9455,62.1703],[16.9446,62.1662],[16.9618,62.1629],[16.9754,62.1651],[17.0328,62.16],[17.07,62.1639],[17.0846,62.162],[17.0991,62.1564],[17.105,62.1561],[17.1087,62.1575],[17.1121,62.1559],[17.1169,62.1556],[17.1235,62.1566],[17.1292,62.1567],[17.1312,62.1576],[17.1379,62.1565],[17.1416,62.1573],[17.1457,62.1569],[17.1496,62.1593],[17.1514,62.1593],[17.1486,62.1598],[17.149,62.1604],[17.1509,62.1599],[17.15,62.1607],[17.1531,62.1619],[17.1593,62.1632],[17.1612,62.1624],[17.207,62.1612],[17.2116,62.1537],[17.2164,62.1522],[17.2164,62.1502],[17.2449,62.1508],[17.3197,62.1571],[17.5279,62.1326],[18.1158,62.0872],[18.0644,61.989],[18.0179,61.8426],[17.969,61.7006],[17.9414,61.6278],[17.8867,61.528],[17.8299,61.3427],[17.7983,61.2456],[17.7685,61.1728],[17.884,60.9362],[18.2381,60.8084],[18.7549,60.6731],[18.7917,60.6762],[18.829,60.6777],[18.8663,60.6775],[18.9035,60.6756],[18.9402,60.672],[18.976,60.6667],[19.0107,60.6599],[19.0439,60.6514],[19.0754,60.6416],[19.1049,60.6304],[19.109,60.4463],[19.1277,60.3799],[19.1549,60.375],[19.1549,60.3717],[19.1323,60.3013],[19.1337,60.301],[19.1334,60.3005],[19.131,60.3012],[19.1321,60.3007],[19.1049,60.2367],[19.0523,60.2464],[19.0631,60.2324],[19.1074,60.0944],[19.1182,60.0736],[19.1536,60.0553],[19.1848,60.0416],[19.2203,60.0281],[19.2681,60.0129],[19.3066,60.0034],[19.3735,59.9912],[19.5707,59.8533],[19.5764,59.8328],[19.5887,59.8121],[19.6095,59.7861],[19.6342,59.7644],[19.6558,59.7505],[19.6881,59.7338],[19.7287,59.7178],[19.7899,59.7002],[19.9911,59.5595],[19.9757,59.5304],[19.9648,59.5028],[19.958,59.4762],[19.837,59.3082],[19.8163,59.2938],[19.7933,59.2805],[19.7681,59.2683],[19.7409,59.2572],[19.7119,59.2475],[19.6814,59.2391],[19.5928,59.2075],[19.3715,59.3715],[19.2857,59.3932],[19.3182,59.4454],[19.3513,59.4614],[19.3587,59.4846],[19.2898,59.5035],[19.2652,59.5029],[19.2431,59.496],[19.2056,59.4695],[19.0671,59.4962],[19.0273,59.5141],[19.002,59.5157],[18.9669,59.5391],[18.9273,59.5378],[18.9158,59.5454],[18.8612,59.5457],[18.8523,59.5469],[18.8467,59.5479],[18.8378,59.5573],[18.8112,59.5546],[18.7845,59.5502],[18.7677,59.5516],[18.7512,59.5499],[18.7468,59.5509],[18.7374,59.5496],[18.7319,59.5516],[18.7369,59.5685],[18.7341,59.5766],[18.726,59.5823],[18.7,59.579],[18.6855,59.5784],[18.679,59.5746],[18.6712,59.5736],[18.6542,59.5837],[18.6426,59.5945],[18.6418,59.5931],[18.6431,59.5898],[18.6325,59.579],[18.6286,59.5812],[18.6133,59.5821],[18.608,59.587],[18.5964,59.5829],[18.5868,59.5907],[18.5823,59.5999],[18.5719,59.5959],[18.5695,59.5956],[18.557,59.5873],[18.5533,59.5859],[18.5544,59.5894],[18.5523,59.5916],[18.5525,59.5937],[18.5493,59.5946],[18.5376,59.595],[18.4999,59.5901],[18.4931,59.5973],[18.4886,59.5952],[18.4865,59.5909],[18.4798,59.5861],[18.48,59.5805],[18.4786,59.5795],[18.4805,59.5784],[18.4865,59.5773],[18.4883,59.5746],[18.479,59.5736],[18.4727,59.5714],[18.4726,59.5638],[18.4713,59.5638],[18.4691,59.5671],[18.4662,59.5643],[18.4453,59.5595],[18.4339,59.5688],[18.4355,59.571],[18.4273,59.592],[18.4144,59.5986],[18.4083,59.6004],[18.4011,59.6006],[18.3873,59.6027],[18.3906,59.6106],[18.3933,59.6134],[18.392,59.6202],[18.3804,59.6275],[18.375,59.6288],[18.3745,59.6303],[18.3835,59.6397],[18.3895,59.6514],[18.3797,59.6552],[18.3683,59.6543],[18.3532,59.6617],[18.3346,59.6736],[18.332,59.6778],[18.3208,59.6891]]]}},{"type":"Feature","properties":{"descriptio":"","name":"","namn":"Västerås stift","skpkod":"05"},"geometry":{"type":"MultiPolygon","coordinates":[[[[16.2543,59.4525],[16.2488,59.4402],[16.2475,59.4252],[16.2485,59.4222],[16.2451,59.4156],[16.249,59.4119],[16.2497,59.4095],[16.2535,59.41],[16.2586,59.4085],[16.2625,59.4094],[16.2702,59.406],[16.2907,59.399],[16.3067,59.3994],[16.2842,59.3948],[16.2802,59.3932],[16.2777,59.3893],[16.2736,59.3885],[16.2729,59.3763],[16.2705,59.3678],[16.2665,59.362],[16.2356,59.36],[16.2225,59.3612],[16.2103,59.36],[16.202,59.3582],[16.1957,59.3545],[16.1852,59.352],[16.1764,59.3525],[16.1751,59.35],[16.171,59.349],[16.1698,59.3503],[16.1653,59.3497],[16.1605,59.3477],[16.1598,59.3466],[16.1577,59.3462],[16.1526,59.3477],[16.1461,59.3471],[16.1417,59.3484],[16.1351,59.3478],[16.1209,59.35],[16.0723,59.352],[16.0592,59.3582],[16.0628,59.3595],[16.0623,59.3605],[16.0494,59.3642],[16.0466,59.3639],[16.0351,59.3693],[16.0187,59.365],[16.02,59.3642],[16.0192,59.3637],[16.0147,59.3639],[15.9968,59.3597],[15.9907,59.3567],[15.9792,59.3531],[15.9734,59.3521],[15.9653,59.3519],[15.9543,59.3494],[15.9383,59.3414],[15.9388,59.33],[15.9414,59.3268],[15.9425,59.3227],[15.9386,59.3225],[15.9176,59.3165],[15.9112,59.3156],[15.9122,59.3055],[15.9059,59.2985],[15.9025,59.2964],[15.8858,59.3],[15.8806,59.3031],[15.8766,59.2919],[15.8788,59.292],[15.8796,59.29],[15.8765,59.2892],[15.8783,59.2837],[15.8771,59.2802],[15.8716,59.2783],[15.8681,59.2805],[15.8732,59.282],[15.8699,59.2846],[15.8678,59.2846],[15.87,59.2861],[15.8679,59.2901],[15.8651,59.2862],[15.8668,59.2797],[15.8927,59.2305],[15.762,59.1979],[15.7982,59.2305],[15.7265,59.2234],[15.6917,59.2705],[15.6526,59.277],[15.6077,59.2887],[15.6318,59.3166],[15.631,59.3202],[15.6348,59.3221],[15.6353,59.334],[15.6145,59.3477],[15.6165,59.3485],[15.6192,59.3526],[15.616,59.358],[15.6131,59.3598],[15.6126,59.3633],[15.6001,59.3673],[15.6,59.3668],[15.5996,59.3684],[15.6041,59.3702],[15.5994,59.3732],[15.5948,59.3739],[15.5829,59.3697],[15.5682,59.3683],[15.5669,59.3695],[15.5649,59.3692],[15.564,59.3723],[15.5611,59.3739],[15.5589,59.3731],[15.5378,59.3756],[15.5184,59.3852],[15.4989,59.3867],[15.489,59.3891],[15.476,59.3891],[15.4737,59.3978],[15.5012,59.4038],[15.516,59.4063],[15.5015,59.4187],[15.4963,59.4184],[15.4864,59.4208],[15.4816,59.426],[15.4751,59.4292],[15.4729,59.432],[15.4636,59.4336],[15.4615,59.4327],[15.4638,59.431],[15.4635,59.4297],[15.4602,59.4312],[15.4577,59.4306],[15.4596,59.4263],[15.4528,59.4267],[15.4492,59.4279],[15.443,59.4268],[15.4381,59.4269],[15.4346,59.4253],[15.4264,59.4248],[15.4199,59.4215],[15.4065,59.4237],[15.3929,59.4312],[15.3638,59.4284],[15.3193,59.4328],[15.3179,59.4351],[15.319,59.4381],[15.3049,59.4462],[15.3011,59.4499],[15.2988,59.4494],[15.295,59.4466],[15.2914,59.4486],[15.2809,59.4455],[15.2798,59.4458],[15.2728,59.4853],[15.2761,59.4918],[15.2788,59.5016],[15.2754,59.5054],[15.2315,59.508],[15.2291,59.5181],[15.2302,59.5205],[15.2221,59.5193],[15.2217,59.5156],[15.2145,59.515],[15.2008,59.5237],[15.1959,59.5218],[15.184,59.5196],[15.1766,59.5173],[15.1754,59.5167],[15.1751,59.5142],[15.1685,59.5107],[15.1637,59.5108],[15.1649,59.5083],[15.1603,59.5075],[15.159,59.5066],[15.1532,59.5076],[15.1501,59.5092],[15.1487,59.5086],[15.1485,59.5064],[15.1467,59.505],[15.1521,59.5019],[15.1493,59.5008],[15.1502,59.4991],[15.1484,59.495],[15.1511,59.4944],[15.1517,59.4934],[15.1495,59.4891],[15.1481,59.4901],[15.1473,59.4895],[15.1508,59.4869],[15.1488,59.4858],[15.1497,59.4841],[15.1476,59.4826],[15.149,59.4812],[15.1449,59.4761],[15.1476,59.4737],[15.1446,59.4733],[15.144,59.4723],[15.1469,59.4699],[15.1421,59.4676],[15.1448,59.4664],[15.1449,59.4623],[15.1491,59.4626],[15.145,59.4592],[15.1475,59.4564],[15.1492,59.456],[15.1486,59.4544],[15.1503,59.4532],[15.1485,59.4492],[15.151,59.4464],[15.1453,59.4458],[15.1431,59.4438],[15.1397,59.4451],[15.1352,59.445],[15.1279,59.4445],[15.1137,59.442],[15.1086,59.4404],[15.1078,59.4394],[15.1097,59.4376],[15.1081,59.4348],[15.0887,59.4316],[15.0755,59.4337],[15.0726,59.4337],[15.069,59.4325],[15.073,59.4462],[15.0734,59.4535],[15.0661,59.4663],[15.0658,59.4693],[15.06,59.4696],[15.0494,59.4721],[15.0411,59.473],[15.0237,59.4683],[15.0119,59.4658],[15.0053,59.4651],[15.0037,59.4645],[15.0001,59.4583],[14.9942,59.4525],[14.9995,59.4516],[14.9962,59.4348],[14.9985,59.4289],[14.9975,59.4244],[14.9989,59.4223],[14.9893,59.4217],[14.9742,59.4162],[14.9792,59.4129],[14.9791,59.412],[14.9695,59.4142],[14.9605,59.4143],[14.9494,59.4071],[14.9393,59.3988],[14.9314,59.3832],[14.9158,59.3812],[14.8956,59.3765],[14.8324,59.3728],[14.8098,59.3813],[14.7913,59.3869],[14.7649,59.3861],[14.7606,59.3848],[14.7629,59.3802],[14.7614,59.3797],[14.763,59.3765],[14.7641,59.3641],[14.7697,59.3577],[14.7332,59.3748],[14.7342,59.3772],[14.7314,59.3764],[14.6809,59.4199],[14.6816,59.4208],[14.6887,59.4208],[14.7017,59.4309],[14.7024,59.4332],[14.7106,59.4382],[14.7225,59.4571],[14.721,59.4634],[14.7185,59.4648],[14.7149,59.4709],[14.7096,59.4761],[14.7052,59.4767],[14.7029,59.4761],[14.7025,59.4768],[14.7012,59.4763],[14.7004,59.4769],[14.6979,59.4753],[14.696,59.4754],[14.6951,59.4745],[14.6964,59.4744],[14.6962,59.4733],[14.6941,59.4721],[14.6889,59.4712],[14.6849,59.4713],[14.6818,59.4703],[14.6801,59.4708],[14.6773,59.4696],[14.6769,59.4675],[14.6738,59.4677],[14.6712,59.469],[14.6704,59.4705],[14.6708,59.4722],[14.6721,59.4726],[14.6708,59.4745],[14.6719,59.4771],[14.6707,59.4769],[14.668,59.4719],[14.6564,59.4724],[14.6311,59.4943],[14.5935,59.4994],[14.5598,59.5049],[14.5586,59.5096],[14.527,59.5145],[14.5014,59.5247],[14.4758,59.5291],[14.4613,59.5981],[14.44,59.6344],[14.4372,59.6368],[14.4302,59.6602],[14.4267,59.6621],[14.4252,59.6648],[14.4292,59.6647],[14.4278,59.6703],[14.435,59.684],[14.421,59.7015],[14.4089,59.7224],[14.4076,59.7311],[14.4039,59.7351],[14.4016,59.7409],[14.4,59.7421],[14.4001,59.743],[14.4017,59.7434],[14.4047,59.7564],[14.4347,59.7709],[14.4206,59.8066],[14.4163,59.8139],[14.4149,59.8218],[14.4209,59.8439],[14.4203,59.8818],[14.4191,59.8836],[14.4211,59.8853],[14.4158,59.8905],[14.4125,59.8913],[14.4122,59.8922],[14.4164,59.8934],[14.417,59.8956],[14.4191,59.8957],[14.4197,59.8965],[14.4193,59.8983],[14.423,59.9013],[14.4209,59.9043],[14.4121,59.906],[14.4084,59.909],[14.3992,59.9128],[14.3945,59.9126],[14.3911,59.9101],[14.3906,59.9085],[14.3873,59.9079],[14.3763,59.9087],[14.3664,59.912],[14.3607,59.9185],[14.3569,59.92],[14.3613,59.9256],[14.3601,59.9336],[14.355,59.9366],[14.3518,59.936],[14.352,59.9342],[14.35,59.934],[14.3475,59.9374],[14.3475,59.941],[14.3461,59.9399],[14.3434,59.9405],[14.3405,59.94],[14.3392,59.9416],[14.3421,59.9432],[14.335,59.9469],[14.3355,59.9493],[14.3318,59.9517],[14.3323,59.9524],[14.4566,59.973],[14.437,60.0257],[14.3117,60.063],[14.3117,60.0624],[14.309,60.0624],[14.3084,60.0641],[14.2127,60.0957],[14.2104,60.0992],[14.2113,60.1103],[14.2042,60.1219],[14.2055,60.1228],[14.2079,60.1214],[14.2091,60.1261],[14.2031,60.1309],[14.2065,60.1332],[14.203,60.1335],[14.2032,60.1368],[14.2001,60.1368],[14.1992,60.1375],[14.1978,60.1409],[14.2016,60.141],[14.2025,60.1418],[14.1975,60.1443],[14.1978,60.1494],[14.1958,60.15],[14.1946,60.1518],[14.1976,60.1586],[14.1969,60.1633],[14.1918,60.165],[14.189,60.1686],[14.187,60.1747],[14.1894,60.177],[14.1868,60.1815],[14.1737,60.191],[14.1726,60.1936],[14.1668,60.1974],[14.1629,60.2038],[14.1576,60.2072],[14.1573,60.2174],[14.152,60.2255],[14.1519,60.2278],[14.1492,60.2307],[14.0237,60.2288],[14.0229,60.2424],[13.9912,60.2484],[13.991,60.2515],[13.9511,60.251],[13.9601,60.2435],[13.9712,60.2317],[13.9745,60.2305],[13.9785,60.2272],[13.9844,60.2211],[13.9848,60.2189],[13.9888,60.2177],[13.9931,60.2139],[14.0119,60.1911],[13.9655,60.1752],[13.828,60.2548],[13.7927,60.2848],[13.728,60.3557],[13.6708,60.4034],[13.6217,60.4144],[13.5423,60.4225],[13.4681,60.4594],[13.4282,60.517],[13.3314,60.6002],[13.3275,60.6047],[13.3272,60.6071],[13.3241,60.6083],[13.2758,60.6444],[13.2487,60.6861],[13.1943,60.6848],[13.1989,60.6866],[13.2008,60.6884],[13.1993,60.6902],[13.2003,60.6917],[13.1993,60.6955],[13.1963,60.6971],[13.1974,60.6984],[13.1598,60.755],[13.0816,60.8058],[12.9614,60.8625],[12.6987,60.9981],[12.6702,61.056],[12.6814,61.0595],[12.6826,61.0612],[12.707,61.1433],[12.7903,61.197],[12.8338,61.2585],[12.8708,61.3565],[12.8051,61.4045],[12.5693,61.5687],[12.4466,61.5671],[12.4196,61.563],[12.3412,61.6147],[12.2756,61.6402],[12.1377,61.7238],[12.1848,61.8783],[12.2447,62.0867],[12.2612,62.1361],[12.2994,62.2675],[12.3505,62.2566],[12.6078,62.2148],[12.8065,62.2202],[12.9026,62.1419],[12.9514,62.1334],[12.9814,62.0932],[13.0035,62.0658],[13.0384,62.0714],[13.0449,62.0621],[13.1164,62.0418],[13.1587,62.0197],[13.2191,62.0408],[13.2861,62.0581],[13.2935,62.0116],[13.3919,62.0008],[13.2376,61.942],[13.2003,61.9291],[13.2613,61.9128],[13.3832,61.834],[13.4132,61.7965],[13.4431,61.7736],[13.4958,61.7299],[13.4982,61.7255],[13.4975,61.7183],[13.5115,61.7098],[13.5083,61.7084],[13.5092,61.7075],[13.5073,61.7078],[13.5057,61.7069],[13.5054,61.7049],[13.5017,61.7022],[13.4973,61.702],[13.496,61.703],[13.498,61.7056],[13.4966,61.707],[13.497,61.7089],[13.4998,61.7097],[13.4962,61.7135],[13.4899,61.69],[13.5592,61.6435],[13.5984,61.6563],[13.7531,61.6416],[13.8161,61.6425],[13.8979,61.6351],[13.9768,61.6214],[14.0525,61.6193],[14.1822,61.6176],[14.2851,61.6082],[14.3361,61.5994],[14.3946,61.5639],[14.4466,61.5947],[14.6766,61.5913],[14.6781,61.5871],[14.677,61.5862],[14.6796,61.584],[14.6748,61.5801],[14.6764,61.5791],[14.6752,61.5779],[14.6758,61.5753],[14.6715,61.5737],[14.6724,61.5733],[14.6693,61.5709],[14.6639,61.5693],[14.6635,61.5676],[14.6662,61.5667],[14.6665,61.5651],[14.665,61.5643],[14.6631,61.5648],[14.6574,61.5636],[14.6538,61.5612],[14.6568,61.557],[14.6583,61.5512],[14.6689,61.546],[14.6683,61.5392],[14.675,61.5283],[14.6735,61.5239],[14.6706,61.5217],[14.6698,61.5192],[14.6638,61.5131],[14.6596,61.5105],[14.6595,61.5072],[14.6559,61.5009],[14.6637,61.499],[14.6676,61.4962],[14.6676,61.4917],[14.6723,61.4902],[14.6747,61.4877],[14.6788,61.4875],[14.6798,61.4861],[14.683,61.4868],[14.6848,61.4863],[14.69,61.4876],[14.6907,61.4886],[14.6894,61.49],[14.6908,61.4904],[14.6951,61.4901],[14.7011,61.491],[14.7038,61.4907],[14.7065,61.4892],[14.7162,61.4891],[14.7217,61.492],[14.7234,61.4949],[14.7308,61.4966],[14.7381,61.4931],[14.756,61.4955],[14.7594,61.493],[14.7857,61.4925],[14.7955,61.4948],[14.8041,61.4951],[14.8119,61.4942],[14.8149,61.4924],[14.8243,61.4923],[14.8335,61.4937],[14.8425,61.4939],[14.8484,61.4955],[14.8581,61.4936],[14.8645,61.4952],[14.8707,61.4947],[14.8859,61.4953],[14.8927,61.4945],[14.9002,61.4966],[14.9135,61.4926],[14.9239,61.4938],[14.9267,61.4926],[14.9326,61.4923],[14.9474,61.4895],[14.9507,61.4899],[14.9529,61.4916],[14.9694,61.4939],[14.9772,61.4913],[15.0932,61.4841],[15.0954,61.4929],[15.1533,61.5958],[15.205,61.5039],[15.3008,61.4261],[15.4401,61.3332],[15.5432,61.2807],[15.6574,61.2156],[15.6798,61.1198],[15.6803,61.1133],[15.762,61.0496],[15.9214,61.0077],[16.131,60.9921],[16.2219,60.8983],[16.2206,60.8983],[16.2216,60.8959],[16.2257,60.8923],[16.2287,60.8912],[16.2552,60.8638],[16.3861,60.7868],[16.3841,60.7797],[16.3857,60.7597],[16.377,60.7436],[16.3434,60.725],[16.3345,60.7289],[16.3077,60.7062],[16.3104,60.7054],[16.3077,60.7032],[16.3103,60.7024],[16.3137,60.7025],[16.3121,60.7012],[16.3154,60.698],[16.3141,60.6949],[16.3185,60.6937],[16.3178,60.6895],[16.262,60.6444],[16.2384,60.6231],[16.1976,60.614],[16.1365,60.6103],[16.166,60.577],[16.1715,60.561],[16.1796,60.5554],[16.1948,60.5353],[16.246,60.504],[16.2589,60.4932],[16.2599,60.4934],[16.2635,60.4914],[16.2649,60.4954],[16.2713,60.4922],[16.271,60.4909],[16.2674,60.49],[16.253,60.4888],[16.2512,60.4866],[16.2592,60.4875],[16.2677,60.4862],[16.268,60.485],[16.2698,60.4847],[16.2706,60.4859],[16.2794,60.4855],[16.2786,60.4836],[16.2829,60.4724],[16.3347,60.4281],[16.3372,60.4215],[16.3441,60.4161],[16.3465,60.416],[16.346,60.4153],[16.3927,60.3794],[16.4065,60.3773],[16.4232,60.3792],[16.4479,60.3716],[16.4754,60.3665],[16.5165,60.3555],[16.5427,60.34],[16.5517,60.3307],[16.5606,60.3177],[16.5619,60.3173],[16.5612,60.3168],[16.5734,60.3064],[16.5793,60.2976],[16.5884,60.2943],[16.6103,60.2831],[16.6152,60.2789],[16.6184,60.2728],[16.6293,60.2386],[16.6464,60.2321],[16.6632,60.2272],[16.6852,60.2167],[16.6914,60.2149],[16.699,60.2093],[16.6986,60.205],[16.711,60.1873],[16.7165,60.1849],[16.7336,60.1656],[16.7331,60.1618],[16.7346,60.1575],[16.739,60.1526],[16.7381,60.1481],[16.7473,60.1359],[16.7275,60.1209],[16.7352,60.1177],[16.7322,60.1154],[16.7323,60.1126],[16.7286,60.111],[16.7052,60.109],[16.7142,60.0894],[16.692,60.0833],[16.7,60.0776],[16.7031,60.0741],[16.7074,60.0717],[16.7175,60.0575],[16.7117,60.0562],[16.7275,60.0434],[16.7277,60.0363],[16.7228,60.0196],[16.7213,60.0162],[16.7162,60.0109],[16.7194,60.0076],[16.719,60.0061],[16.7227,60.0047],[16.7236,60.0012],[16.7268,60.001],[16.7337,60.002],[16.7352,59.9932],[16.7343,59.9893],[16.7367,59.9871],[16.7382,59.9829],[16.7412,59.9807],[16.7501,59.977],[16.7617,59.975],[16.7743,59.9743],[16.7892,59.9658],[16.7839,59.9633],[16.7836,59.962],[16.7777,59.963],[16.7772,59.9652],[16.7766,59.9625],[16.7716,59.9638],[16.7694,59.9603],[16.7614,59.9533],[16.7614,59.9512],[16.7631,59.9492],[16.7678,59.9495],[16.7694,59.9502],[16.7686,59.9519],[16.7714,59.9524],[16.772,59.9536],[16.7752,59.9537],[16.7769,59.9553],[16.7841,59.9527],[16.7871,59.9479],[16.7915,59.9459],[16.7907,59.9425],[16.7921,59.9428],[16.7943,59.9459],[16.7992,59.9203],[16.7984,59.9188],[16.8021,59.9087],[16.7871,59.9055],[16.7778,59.9057],[16.7731,59.8943],[16.7779,59.8901],[16.799,59.8815],[16.8005,59.8696],[16.8223,59.865],[16.8296,59.8642],[16.8291,59.863],[16.8371,59.8616],[16.8366,59.8599],[16.8177,59.8522],[16.8129,59.8518],[16.801,59.8441],[16.8136,59.8376],[16.8163,59.8386],[16.8181,59.8365],[16.8098,59.833],[16.8098,59.8262],[16.8026,59.826],[16.7999,59.8248],[16.8046,59.8205],[16.8112,59.8199],[16.808,59.8157],[16.8035,59.8134],[16.7971,59.8153],[16.7924,59.8151],[16.7871,59.8109],[16.7839,59.8104],[16.7862,59.8075],[16.7879,59.8077],[16.7886,59.8067],[16.7743,59.8052],[16.7711,59.804],[16.7693,59.8022],[16.7671,59.8028],[16.7653,59.8025],[16.7644,59.8012],[16.7656,59.7979],[16.764,59.7963],[16.7528,59.7914],[16.7535,59.7911],[16.7369,59.7814],[16.7361,59.7798],[16.729,59.7768],[16.7275,59.7749],[16.7306,59.7752],[16.7434,59.7678],[16.7484,59.7636],[16.7527,59.7624],[16.7579,59.7574],[16.7641,59.7552],[16.7758,59.7464],[16.7818,59.7391],[16.7813,59.7351],[16.7844,59.7316],[16.7809,59.7239],[16.7839,59.7184],[16.7883,59.7166],[16.7938,59.7155],[16.7964,59.7159],[16.8081,59.7136],[16.8122,59.7106],[16.8159,59.7102],[16.8195,59.7049],[16.8193,59.7024],[16.8215,59.7016],[16.8207,59.7005],[16.8227,59.6976],[16.8201,59.6923],[16.8241,59.6888],[16.8315,59.6848],[16.8408,59.6813],[16.8395,59.6798],[16.8419,59.6766],[16.8446,59.6756],[16.8485,59.6713],[16.8547,59.6669],[16.8543,59.6633],[16.8585,59.6579],[16.8598,59.6528],[16.8617,59.6516],[16.8626,59.6461],[16.873,59.6317],[16.8723,59.6295],[16.8739,59.626],[16.8819,59.6174],[16.8822,59.6144],[16.8879,59.6029],[16.8922,59.599],[16.9016,59.5842],[16.9082,59.5775],[16.9106,59.5727],[16.9174,59.5647],[16.9213,59.5476],[16.926,59.5464],[16.9659,59.5204],[16.9506,59.494],[16.9352,59.4851],[16.9157,59.4832],[16.9063,59.4796],[16.8845,59.48],[16.883,59.4812],[16.8338,59.4984],[16.7569,59.502],[16.7214,59.4898],[16.7114,59.4881],[16.7024,59.4877],[16.6656,59.4923],[16.649,59.4858],[16.636,59.4841],[16.4107,59.4598],[16.4021,59.4601],[16.3861,59.4667],[16.3715,59.4673],[16.3492,59.46],[16.3227,59.4529],[16.3157,59.4525],[16.3005,59.4576],[16.2683,59.4523],[16.2543,59.4525]]],[[[15.2707,59.4303],[15.2693,59.431],[15.2727,59.4329],[15.2732,59.4327],[15.2707,59.4303]]]]}},{"type":"Feature","properties":{"descriptio":"","name":"","namn":"Växjö stift","skpkod":"06"},"geometry":{"type":"MultiPolygon","coordinates":[[[[16.9377,56.3727],[16.9106,56.2964],[16.8755,56.2188],[16.8389,56.184],[16.7827,56.1235],[16.7188,56.0797],[16.6072,56.0284],[16.5575,56.0113],[16.5267,56.0029],[16.4946,55.9961],[16.2195,55.914],[16.2237,56.3053],[16.076,56.3217],[16.052,56.3213],[16.0491,56.3228],[16.0446,56.3222],[16.0423,56.3227],[16.0418,56.3219],[16.0387,56.3217],[16.0366,56.3197],[16.0314,56.3198],[16.027,56.3171],[16.0273,56.3161],[16.0181,56.3133],[16.0162,56.3102],[16.0145,56.31],[16.0135,56.3085],[16.0177,56.3066],[16.0191,56.3033],[16.0137,56.2982],[16.0116,56.2974],[16.0098,56.2982],[16.0087,56.2979],[16.0065,56.2993],[16.0004,56.2999],[15.9992,56.3013],[15.9949,56.3012],[15.991,56.2991],[15.9791,56.3009],[15.9806,56.3037],[15.9781,56.3048],[15.9732,56.3052],[15.9727,56.3068],[15.9747,56.3091],[15.9707,56.3122],[15.9702,56.314],[15.9675,56.3139],[15.9668,56.3126],[15.9632,56.3114],[15.956,56.3145],[15.9567,56.3163],[15.9525,56.3179],[15.9461,56.3165],[15.9427,56.3196],[15.9399,56.316],[15.9331,56.3172],[15.9244,56.3164],[15.919,56.3173],[15.9166,56.316],[15.9118,56.3157],[15.9096,56.3148],[15.903,56.3169],[15.9013,56.3163],[15.8948,56.3173],[15.891,56.3158],[15.8834,56.317],[15.8802,56.3183],[15.8771,56.3173],[15.8745,56.3181],[15.8726,56.3177],[15.8691,56.3188],[15.867,56.3177],[15.8418,56.3228],[15.8356,56.3254],[15.8372,56.326],[15.8344,56.3278],[15.8325,56.3267],[15.8212,56.3314],[15.8192,56.3329],[15.8218,56.3338],[15.8214,56.3343],[15.8177,56.3352],[15.8166,56.3347],[15.807,56.3418],[15.7999,56.3481],[15.7988,56.3516],[15.7769,56.3695],[15.7781,56.3726],[15.7757,56.3801],[15.7688,56.382],[15.7627,56.3849],[15.7618,56.3871],[15.7566,56.3905],[15.7525,56.398],[15.7491,56.4011],[15.7472,56.4012],[15.7458,56.4022],[15.743,56.4082],[15.7408,56.4089],[15.7358,56.4145],[15.7324,56.4161],[15.7175,56.4179],[15.6973,56.4231],[15.6774,56.425],[15.6722,56.4348],[15.6695,56.4372],[15.6686,56.4393],[15.6695,56.4408],[15.6661,56.4437],[15.6671,56.447],[15.6654,56.4484],[15.6651,56.4509],[15.6623,56.4526],[15.6628,56.4547],[15.6576,56.4583],[15.6586,56.4601],[15.6564,56.4622],[15.6529,56.4636],[15.6523,56.4621],[15.6494,56.4604],[15.6461,56.4602],[15.6452,56.4577],[15.6405,56.4568],[15.636,56.4571],[15.6351,56.4576],[15.6365,56.4579],[15.6307,56.4599],[15.6297,56.4624],[15.6187,56.4665],[15.612,56.4707],[15.6053,56.4707],[15.6023,56.4729],[15.5992,56.4721],[15.5993,56.4737],[15.5926,56.4801],[15.5923,56.4817],[15.5905,56.4823],[15.5886,56.4817],[15.5859,56.4845],[15.5887,56.4916],[15.5874,56.4912],[15.5851,56.4933],[15.5858,56.4952],[15.5831,56.4951],[15.5817,56.4962],[15.5752,56.4947],[15.5726,56.4953],[15.5683,56.4983],[15.5535,56.5009],[15.5498,56.5022],[15.5487,56.5035],[15.5239,56.5025],[15.5167,56.4954],[15.5126,56.4942],[15.511,56.4913],[15.5133,56.487],[15.513,56.4781],[15.5117,56.4764],[15.5053,56.474],[15.4944,56.4757],[15.4806,56.48],[15.4775,56.4837],[15.4685,56.4873],[15.4644,56.4861],[15.4606,56.4837],[15.4588,56.4838],[15.4573,56.4825],[15.4565,56.4834],[15.4534,56.4831],[15.451,56.4838],[15.447,56.4825],[15.4444,56.4855],[15.442,56.4915],[15.4388,56.4943],[15.4331,56.4951],[15.4319,56.4908],[15.4258,56.4911],[15.4179,56.4925],[15.4099,56.4972],[15.3979,56.4976],[15.3865,56.5006],[15.3812,56.4999],[15.372,56.495],[15.371,56.4931],[15.3688,56.4934],[15.3668,56.4926],[15.3663,56.4838],[15.3647,56.4821],[15.3409,56.4693],[15.3376,56.4658],[15.3344,56.4653],[15.3284,56.4625],[15.3253,56.4598],[15.3252,56.457],[15.3203,56.4555],[15.3168,56.4555],[15.3141,56.4584],[15.3072,56.4585],[15.2992,56.4559],[15.293,56.4572],[15.2868,56.4568],[15.2807,56.4602],[15.2819,56.4643],[15.2797,56.4656],[15.274,56.4654],[15.2714,56.4666],[15.2674,56.4667],[15.2661,56.4704],[15.2644,56.471],[15.2569,56.4678],[15.2508,56.4673],[15.2491,56.4662],[15.249,56.4636],[15.2315,56.4629],[15.2088,56.4595],[15.2074,56.4585],[15.208,56.4567],[15.2101,56.4568],[15.2171,56.4542],[15.2173,56.4519],[15.22,56.451],[15.2156,56.4466],[15.2142,56.4464],[15.2145,56.4404],[15.2104,56.4365],[15.21,56.4348],[15.2071,56.4346],[15.204,56.4362],[15.1943,56.4291],[15.1889,56.4289],[15.1868,56.428],[15.1828,56.4286],[15.1799,56.4276],[15.1673,56.4315],[15.1613,56.4345],[15.1593,56.4341],[15.1459,56.4365],[15.1396,56.4415],[15.139,56.444],[15.1338,56.4457],[15.1332,56.4507],[15.1312,56.4537],[15.1246,56.4551],[15.1141,56.4552],[15.1097,56.4535],[15.0996,56.4531],[15.0967,56.4549],[15.0895,56.455],[15.0863,56.4544],[15.0856,56.4524],[15.0767,56.4523],[15.0768,56.4544],[15.07,56.4519],[15.0611,56.453],[15.0498,56.4521],[15.0535,56.4413],[15.0523,56.4383],[15.0503,56.4377],[15.0331,56.4508],[15.031,56.451],[15.03,56.45],[15.0242,56.4506],[15.0239,56.4496],[15.0209,56.45],[15.014,56.4488],[15.0093,56.4462],[15.003,56.4461],[14.9967,56.4441],[14.993,56.441],[14.9889,56.4412],[14.9867,56.4391],[14.9889,56.4375],[14.9851,56.4355],[14.9792,56.434],[14.9793,56.4326],[14.9776,56.4314],[14.9783,56.4274],[14.9716,56.4091],[14.9622,56.4018],[14.9654,56.4009],[14.9654,56.4002],[14.9622,56.3994],[14.96,56.4002],[14.9508,56.3926],[14.9426,56.3912],[14.9405,56.3867],[14.9308,56.3837],[14.9113,56.366],[14.9044,56.3614],[14.8992,56.3625],[14.8899,56.3625],[14.8714,56.3614],[14.8667,56.3595],[14.8598,56.3589],[14.858,56.3619],[14.8555,56.3629],[14.8147,56.3726],[14.8034,56.3736],[14.8011,56.3731],[14.799,56.376],[14.7877,56.379],[14.7792,56.3825],[14.7583,56.3831],[14.7551,56.3801],[14.7421,56.3833],[14.7318,56.3847],[14.7299,56.3847],[14.7265,56.383],[14.7176,56.3824],[14.7164,56.3827],[14.7163,56.3844],[14.6787,56.3872],[14.6727,56.3901],[14.6685,56.3987],[14.6649,56.3992],[14.6629,56.4026],[14.661,56.4018],[14.6575,56.4031],[14.6566,56.4024],[14.6542,56.4034],[14.6493,56.4038],[14.6497,56.4068],[14.6362,56.4138],[14.6323,56.4185],[14.6294,56.4198],[14.6245,56.4202],[14.6152,56.4375],[14.5971,56.4437],[14.5794,56.444],[14.5792,56.4446],[14.5777,56.444],[14.5759,56.4458],[14.5691,56.4466],[14.5688,56.4474],[14.5663,56.4476],[14.5654,56.4484],[14.5596,56.4488],[14.5531,56.4502],[14.5438,56.4538],[14.543,56.4551],[14.5407,56.4545],[14.5312,56.4556],[14.5145,56.46],[14.5051,56.4609],[14.4956,56.4638],[14.4824,56.4632],[14.4711,56.4639],[14.4576,56.473],[14.4551,56.4727],[14.4488,56.4699],[14.4348,56.4698],[14.425,56.4725],[14.422,56.4723],[14.4171,56.4732],[14.4106,56.4755],[14.3903,56.4792],[14.3829,56.4799],[14.3778,56.4796],[14.3615,56.4818],[14.3525,56.4838],[14.3441,56.4844],[14.318,56.494],[14.2875,56.4986],[14.2841,56.4979],[14.276,56.4982],[14.2783,56.5005],[14.2783,56.5045],[14.2778,56.5056],[14.2758,56.5055],[14.2743,56.5066],[14.2675,56.5068],[14.2409,56.4938],[14.241,56.4924],[14.2329,56.4909],[14.2312,56.4913],[14.2311,56.4928],[14.2002,56.4967],[14.1932,56.4965],[14.1883,56.4942],[14.1799,56.4941],[14.1651,56.4972],[14.1643,56.5003],[14.1621,56.5015],[14.158,56.5023],[14.1515,56.505],[14.1486,56.5052],[14.1434,56.5075],[14.1366,56.5068],[14.1331,56.508],[14.1258,56.5056],[14.1257,56.5074],[14.1214,56.5106],[14.1173,56.5177],[14.1178,56.52],[14.1201,56.5214],[14.119,56.5249],[14.1149,56.5252],[14.1123,56.5273],[14.1098,56.5277],[14.1061,56.5301],[14.0955,56.5327],[14.0913,56.5328],[14.0719,56.5289],[14.0657,56.5286],[14.0624,56.5269],[14.0619,56.5235],[14.0645,56.5226],[14.0651,56.5213],[14.063,56.5198],[14.0622,56.5137],[14.059,56.5129],[14.057,56.5115],[14.0562,56.5007],[14.0476,56.494],[14.0442,56.49],[14.0443,56.4874],[14.043,56.4858],[14.0299,56.4757],[14.0252,56.4679],[14.0185,56.4693],[14.0175,56.4703],[14.0053,56.4687],[14.0037,56.4673],[13.983,56.4674],[13.9825,56.467],[13.9739,56.4689],[13.9717,56.4682],[13.9713,56.4672],[13.9521,56.4671],[13.9259,56.4575],[13.9239,56.4578],[13.9221,56.4592],[13.9118,56.4571],[13.9099,56.4575],[13.905,56.4565],[13.9017,56.4571],[13.8902,56.4519],[13.8885,56.4487],[13.8814,56.4433],[13.8806,56.4407],[13.8776,56.4408],[13.8769,56.4368],[13.8245,56.4419],[13.794,56.4482],[13.7604,56.4441],[13.7332,56.435],[13.6997,56.4272],[13.6964,56.4246],[13.6887,56.4247],[13.6612,56.4204],[13.6597,56.4213],[13.652,56.4205],[13.6501,56.4202],[13.6482,56.4184],[13.6421,56.4184],[13.639,56.4191],[13.6358,56.4182],[13.628,56.4181],[13.6023,56.4121],[13.5969,56.4158],[13.5807,56.409],[13.5708,56.4102],[13.5496,56.4044],[13.5426,56.4038],[13.5313,56.4067],[13.5289,56.4095],[13.5215,56.4117],[13.5124,56.4115],[13.5111,56.4095],[13.5061,56.4083],[13.5031,56.4059],[13.5005,56.4056],[13.4952,56.4101],[13.4909,56.412],[13.4868,56.4152],[13.4725,56.4221],[13.4723,56.4253],[13.4686,56.4269],[13.4612,56.4278],[13.4647,56.431],[13.4674,56.4318],[13.4629,56.4459],[13.4646,56.4476],[13.4629,56.4514],[13.4499,56.4679],[13.4498,56.4722],[13.4543,56.4884],[13.4542,56.4975],[13.4648,56.514],[13.4629,56.5148],[13.4596,56.528],[13.4523,56.5409],[13.44,56.5544],[13.44,56.566],[13.4382,56.5698],[13.4399,56.5713],[13.4309,56.574],[13.4291,56.5743],[13.4271,56.5737],[13.4178,56.5776],[13.4131,56.5835],[13.4111,56.5842],[13.4112,56.5856],[13.4087,56.5885],[13.4025,56.5925],[13.4027,56.5942],[13.4043,56.5949],[13.3976,56.6088],[13.3973,56.6157],[13.393,56.6195],[13.3931,56.6207],[13.379,56.6365],[13.376,56.6461],[13.3712,56.6518],[13.3641,56.6651],[13.3283,56.6877],[13.3238,56.6862],[13.3161,56.6879],[13.3132,56.6879],[13.3078,56.6855],[13.3159,56.6923],[13.3167,56.7013],[13.3151,56.7023],[13.3218,56.7051],[13.3251,56.7076],[13.325,56.7092],[13.3171,56.7195],[13.3165,56.7303],[13.3198,56.7586],[13.3189,56.7822],[13.315,56.7939],[13.3049,56.804],[13.3031,56.8095],[13.3015,56.8092],[13.2997,56.8142],[13.3015,56.8141],[13.2982,56.8237],[13.2971,56.8309],[13.2893,56.8351],[13.2889,56.8364],[13.2864,56.8373],[13.2806,56.843],[13.2679,56.8518],[13.2694,56.8562],[13.2805,56.8641],[13.2763,56.8712],[13.2773,56.874],[13.2747,56.8743],[13.2728,56.8734],[13.2701,56.8756],[13.2698,56.8772],[13.266,56.8781],[13.2656,56.8817],[13.2568,56.8864],[13.2579,56.8881],[13.2615,56.889],[13.2601,56.8927],[13.2578,56.8962],[13.2534,56.8976],[13.2493,56.9038],[13.2432,56.9065],[13.2357,56.9071],[13.2335,56.9093],[13.2215,56.916],[13.2176,56.922],[13.2207,56.9253],[13.2164,56.93],[13.217,56.9332],[13.2088,56.9338],[13.1835,56.9468],[13.183,56.9491],[13.1849,56.9504],[13.1789,56.9543],[13.1781,56.9592],[13.1721,56.9611],[13.1753,56.9646],[13.1663,56.9673],[13.1778,56.9703],[13.1808,56.9721],[13.1828,56.975],[13.1677,56.9777],[13.1623,56.9755],[13.1562,56.9757],[13.1535,56.9766],[13.154,56.977],[13.148,56.9776],[13.1472,56.9786],[13.1497,56.9831],[13.1537,56.9857],[13.1532,56.9872],[13.1474,56.9882],[13.1413,56.987],[13.1306,56.987],[13.1355,57.0013],[13.1261,57.0199],[13.1188,57.0242],[13.1188,57.0248],[13.1212,57.0251],[13.1221,57.0268],[13.1178,57.0331],[13.1219,57.0358],[13.1133,57.0408],[13.1151,57.0429],[13.1145,57.047],[13.1167,57.0479],[13.1165,57.0499],[13.1217,57.0535],[13.1214,57.0568],[13.1195,57.0591],[13.1148,57.0602],[13.1163,57.0644],[13.1132,57.0643],[13.107,57.0656],[13.1035,57.0686],[13.0991,57.0701],[13.1003,57.0741],[13.0954,57.0734],[13.0945,57.0757],[13.0874,57.078],[13.0812,57.0836],[13.0852,57.0854],[13.0896,57.0861],[13.0848,57.0937],[13.0791,57.0989],[13.0899,57.1056],[13.0883,57.1068],[13.0879,57.1107],[13.0845,57.1126],[13.0933,57.1197],[13.0908,57.1238],[13.0942,57.1243],[13.0935,57.1254],[13.0969,57.126],[13.0991,57.1285],[13.0911,57.1291],[13.0813,57.1248],[13.0771,57.1276],[13.0804,57.1286],[13.0807,57.1323],[13.1003,57.1456],[13.1114,57.1467],[13.1169,57.1493],[13.1201,57.1548],[13.1255,57.1574],[13.1307,57.1641],[13.1383,57.1676],[13.1365,57.169],[13.1382,57.171],[13.1382,57.1735],[13.1515,57.178],[13.1585,57.1904],[13.1656,57.194],[13.1646,57.1959],[13.1658,57.1995],[13.169,57.2008],[13.1696,57.2033],[13.1764,57.209],[13.1752,57.2111],[13.1941,57.2274],[13.1899,57.2296],[13.1893,57.2353],[13.1879,57.2366],[13.1955,57.2432],[13.1993,57.2504],[13.2109,57.2506],[13.224,57.2551],[13.2272,57.2568],[13.2289,57.2594],[13.243,57.2597],[13.2458,57.2594],[13.2461,57.2579],[13.2528,57.2552],[13.257,57.2554],[13.2587,57.2546],[13.2577,57.2522],[13.2596,57.2497],[13.2619,57.2492],[13.2633,57.2504],[13.2638,57.2528],[13.2663,57.2548],[13.2654,57.2581],[13.2676,57.2599],[13.2707,57.2606],[13.2727,57.2629],[13.273,57.268],[13.2755,57.2691],[13.2797,57.2691],[13.2817,57.2703],[13.2848,57.2756],[13.2846,57.2795],[13.2874,57.2827],[13.2875,57.2876],[13.2891,57.289],[13.2891,57.2936],[13.2876,57.2955],[13.2885,57.2972],[13.2861,57.2997],[13.2872,57.3017],[13.2821,57.3075],[13.3001,57.3117],[13.3057,57.3119],[13.3207,57.3152],[13.3317,57.3166],[13.3335,57.3164],[13.3335,57.3158],[13.3384,57.3176],[13.3432,57.3184],[13.3469,57.3181],[13.3516,57.3213],[13.3614,57.3231],[13.3666,57.3222],[13.3702,57.3226],[13.3702,57.324],[13.3772,57.3279],[13.3817,57.3349],[13.3861,57.3371],[13.3862,57.3402],[13.3878,57.341],[13.3945,57.3418],[13.3969,57.3403],[13.4016,57.3406],[13.433,57.349],[13.4363,57.3527],[13.4346,57.3561],[13.4299,57.3577],[13.4332,57.3618],[13.4331,57.3664],[13.4356,57.3691],[13.4428,57.3706],[13.4443,57.3723],[13.4474,57.3711],[13.4517,57.3715],[13.4541,57.3706],[13.4631,57.3719],[13.4684,57.3713],[13.4671,57.377],[13.4692,57.3773],[13.4722,57.381],[13.4741,57.3863],[13.4771,57.3881],[13.4761,57.3891],[13.4799,57.3899],[13.4819,57.3932],[13.4884,57.3956],[13.5097,57.3973],[13.5116,57.3982],[13.5135,57.4034],[13.5158,57.405],[13.5155,57.4102],[13.5043,57.4142],[13.5142,57.4282],[13.5313,57.4305],[13.5456,57.444],[13.5637,57.4634],[13.5703,57.4685],[13.5721,57.4685],[13.5714,57.4693],[13.5729,57.4703],[13.5832,57.4755],[13.5822,57.4778],[13.5859,57.4787],[13.5878,57.4815],[13.5869,57.4837],[13.5891,57.4856],[13.5905,57.4897],[13.5926,57.4908],[13.5953,57.4967],[13.6047,57.5076],[13.61,57.5121],[13.6184,57.5147],[13.624,57.5201],[13.6285,57.5223],[13.6348,57.5241],[13.6425,57.5243],[13.6467,57.5265],[13.6487,57.5267],[13.6493,57.5291],[13.6545,57.5306],[13.6579,57.5332],[13.6688,57.5382],[13.6699,57.54],[13.6682,57.5407],[13.6886,57.5583],[13.701,57.5585],[13.7026,57.5594],[13.7176,57.5601],[13.7177,57.5592],[13.7188,57.5593],[13.7195,57.5634],[13.7245,57.5662],[13.7265,57.5694],[13.7298,57.5697],[13.7324,57.5692],[13.734,57.5678],[13.7359,57.5683],[13.7369,57.5676],[13.7381,57.5685],[13.7421,57.5686],[13.75,57.5667],[13.749,57.5649],[13.7515,57.5629],[13.7515,57.5604],[13.7546,57.5615],[13.7573,57.5615],[13.7759,57.5552],[13.7773,57.5585],[13.7815,57.5608],[13.7839,57.5641],[13.7832,57.5665],[13.7897,57.5736],[13.8055,57.5807],[13.8133,57.5825],[13.8147,57.5878],[13.8126,57.5885],[13.8043,57.5887],[13.8014,57.5893],[13.7996,57.5909],[13.8008,57.5934],[13.8072,57.5965],[13.8046,57.598],[13.8049,57.6021],[13.802,57.6042],[13.8021,57.606],[13.7991,57.608],[13.8062,57.6103],[13.8075,57.6125],[13.8192,57.6142],[13.8264,57.613],[13.8341,57.6139],[13.8366,57.6153],[13.8403,57.6151],[13.8447,57.6177],[13.8465,57.6176],[13.8535,57.6229],[13.8696,57.6208],[13.9173,57.6103],[13.9194,57.6167],[13.924,57.6182],[13.9263,57.6199],[13.933,57.6194],[13.9383,57.6201],[13.9408,57.6209],[13.9418,57.6223],[13.9448,57.6224],[13.946,57.624],[13.953,57.6237],[13.9518,57.6277],[13.9546,57.6312],[13.9653,57.6545],[13.9687,57.6562],[13.9691,57.658],[13.972,57.6576],[13.9739,57.6583],[13.9767,57.6582],[13.9806,57.6603],[13.9867,57.6606],[13.9941,57.6792],[13.9958,57.6806],[14.0009,57.6821],[13.9889,57.6823],[13.9789,57.6813],[13.9718,57.6831],[13.9631,57.684],[13.9615,57.6844],[13.9626,57.687],[13.9619,57.6893],[13.9629,57.6907],[13.9653,57.6915],[13.9646,57.692],[13.9674,57.6944],[13.9679,57.6971],[13.974,57.6958],[13.9833,57.6968],[13.9845,57.6976],[13.9892,57.6958],[13.994,57.6951],[13.9984,57.6986],[14.0012,57.7038],[14.0049,57.7046],[14.0088,57.707],[13.9984,57.7119],[13.9944,57.7159],[13.9982,57.7167],[14.0009,57.7195],[14.0049,57.7276],[14.01,57.7323],[14.0103,57.7357],[14.0246,57.744],[14.0366,57.761],[14.0339,57.7614],[14.027,57.7668],[14.0129,57.79],[14.0094,57.7987],[14.0154,57.8238],[14.0173,57.8256],[14.0129,57.8323],[14.0142,57.8365],[14.013,57.8437],[14.015,57.8453],[14.0129,57.8474],[14.0128,57.8498],[14.0187,57.8513],[14.021,57.8501],[14.0226,57.8531],[14.0261,57.8547],[14.0282,57.8585],[14.0302,57.8597],[14.0324,57.8594],[14.0326,57.8603],[14.0348,57.8601],[14.0342,57.8592],[14.0353,57.8593],[14.0358,57.8578],[14.0426,57.8586],[14.0437,57.8608],[14.0415,57.8611],[14.0412,57.862],[14.0463,57.8633],[14.0474,57.8649],[14.0492,57.8638],[14.0546,57.8624],[14.0545,57.8619],[14.0579,57.8624],[14.0576,57.8616],[14.0605,57.8608],[14.0587,57.8597],[14.0594,57.8587],[14.0648,57.858],[14.0679,57.8584],[14.0694,57.8559],[14.0731,57.8555],[14.0715,57.853],[14.0758,57.8538],[14.0798,57.8565],[14.0935,57.8577],[14.0955,57.8571],[14.1007,57.8579],[14.102,57.8586],[14.0998,57.8588],[14.0997,57.8597],[14.1031,57.8625],[14.1022,57.8641],[14.1036,57.8642],[14.1051,57.8655],[14.1017,57.866],[14.1013,57.868],[14.1059,57.8694],[14.1051,57.8707],[14.1084,57.8733],[14.1112,57.873],[14.1158,57.8742],[14.1154,57.8755],[14.1174,57.8767],[14.1166,57.8774],[14.1188,57.8777],[14.1363,57.8868],[14.2046,57.9007],[14.2372,58.0277],[14.3143,58.1318],[14.4177,58.1911],[14.4683,58.1311],[14.5439,58.1114],[14.5457,58.1068],[14.5487,58.1064],[14.5496,58.1051],[14.557,58.1046],[14.5599,58.1057],[14.5638,58.1055],[14.5654,58.1066],[14.5702,58.1063],[14.571,58.1075],[14.5762,58.1051],[14.5809,58.1056],[14.589,58.1029],[14.5928,58.0996],[14.5931,58.0959],[14.5951,58.0946],[14.5969,58.0904],[14.6015,58.0862],[14.6025,58.0828],[14.6043,58.0813],[14.6062,58.0748],[14.6041,58.0707],[14.6049,58.067],[14.6088,58.0652],[14.6116,58.0609],[14.6174,58.0576],[14.6199,58.0543],[14.6191,58.0532],[14.623,58.0517],[14.6192,58.0506],[14.6089,58.0501],[14.6093,58.0479],[14.6061,58.0458],[14.6072,58.0414],[14.6086,58.0403],[14.608,58.0384],[14.6136,58.0351],[14.6152,58.0285],[14.6196,58.0243],[14.6178,58.0221],[14.6204,58.0174],[14.6149,58.0111],[14.6162,58.0063],[14.6141,58.0013],[14.6133,58.0006],[14.6057,58.0003],[14.5996,57.9991],[14.5772,57.9882],[14.5801,57.9814],[14.577,57.9719],[14.5818,57.9652],[14.5772,57.9587],[14.5791,57.9518],[14.5817,57.9506],[14.5839,57.9473],[14.5843,57.9425],[14.5792,57.9421],[14.5755,57.9442],[14.5751,57.9474],[14.5572,57.9479],[14.5553,57.9493],[14.5488,57.9472],[14.5487,57.9459],[14.5461,57.9452],[14.5446,57.9428],[14.5427,57.9413],[14.5408,57.9415],[14.5398,57.9401],[14.5373,57.9403],[14.5351,57.9395],[14.5296,57.9397],[14.5269,57.9406],[14.5224,57.9393],[14.5132,57.9422],[14.5115,57.9389],[14.5036,57.9391],[14.5004,57.9373],[14.4991,57.935],[14.4961,57.9334],[14.4962,57.9298],[14.4854,57.9252],[14.4848,57.9194],[14.4808,57.9159],[14.4825,57.9136],[14.4803,57.9107],[14.4816,57.9108],[14.4818,57.9064],[14.4806,57.9045],[14.4817,57.9025],[14.4794,57.9016],[14.4799,57.9035],[14.4787,57.9017],[14.4797,57.9007],[14.4828,57.9],[14.483,57.8981],[14.4798,57.8872],[14.4771,57.8855],[14.4811,57.8808],[14.4782,57.8765],[14.479,57.8743],[14.4892,57.8661],[14.4945,57.8646],[14.4959,57.8633],[14.4954,57.8556],[14.5012,57.854],[14.5059,57.8542],[14.5135,57.8593],[14.517,57.8591],[14.5185,57.8577],[14.5236,57.8589],[14.5274,57.8636],[14.5343,57.8649],[14.5351,57.8671],[14.5372,57.8675],[14.5381,57.8695],[14.5437,57.8734],[14.5676,57.8716],[14.5743,57.8678],[14.5913,57.869],[14.5858,57.8625],[14.5867,57.8597],[14.5893,57.8585],[14.5913,57.8553],[14.5965,57.8553],[14.6012,57.8571],[14.6047,57.8542],[14.6027,57.8444],[14.6039,57.8443],[14.6005,57.841],[14.5986,57.8351],[14.6042,57.8298],[14.6194,57.8309],[14.6136,57.826],[14.6139,57.8215],[14.6162,57.8189],[14.6164,57.8139],[14.6195,57.8121],[14.6211,57.8123],[14.6212,57.8022],[14.6315,57.7879],[14.6313,57.7845],[14.6291,57.7817],[14.6346,57.781],[14.6372,57.7799],[14.6397,57.7765],[14.6368,57.7715],[14.6376,57.7673],[14.6361,57.7657],[14.6503,57.7598],[14.6535,57.7536],[14.653,57.7524],[14.658,57.7507],[14.6609,57.7523],[14.6627,57.7521],[14.6633,57.7494],[14.6678,57.7475],[14.6725,57.747],[14.6707,57.7441],[14.6717,57.7426],[14.6712,57.7387],[14.6734,57.7375],[14.6781,57.7366],[14.6899,57.7369],[14.696,57.7327],[14.6985,57.7217],[14.7005,57.7186],[14.6993,57.7152],[14.7029,57.7097],[14.7051,57.7094],[14.7084,57.707],[14.7109,57.7081],[14.7127,57.7078],[14.7148,57.7042],[14.721,57.7016],[14.7242,57.703],[14.7244,57.7002],[14.73,57.6961],[14.7303,57.6948],[14.7331,57.6941],[14.7387,57.6945],[14.7414,57.6954],[14.7516,57.6951],[14.7518,57.6937],[14.7494,57.6918],[14.7499,57.6903],[14.7452,57.6851],[14.7505,57.6851],[14.7501,57.6802],[14.7529,57.6794],[14.7527,57.6752],[14.7678,57.6758],[14.7703,57.6747],[14.7638,57.6729],[14.7601,57.6711],[14.7555,57.6718],[14.7499,57.6713],[14.7506,57.6649],[14.7538,57.6661],[14.759,57.6651],[14.7583,57.6693],[14.7632,57.6724],[14.7703,57.6745],[14.7725,57.6695],[14.772,57.6675],[14.7637,57.6651],[14.7506,57.6631],[14.7528,57.6576],[14.7514,57.6545],[14.7527,57.6531],[14.7568,57.652],[14.7592,57.6488],[14.7592,57.6457],[14.765,57.6425],[14.7713,57.6408],[14.7716,57.639],[14.777,57.6341],[14.7763,57.632],[14.778,57.6306],[14.7806,57.6303],[14.7819,57.6278],[14.7857,57.6256],[14.7875,57.619],[14.7911,57.6174],[14.7909,57.6119],[14.7883,57.6068],[14.8112,57.5993],[14.8118,57.5964],[14.8134,57.5964],[14.8148,57.5977],[14.8182,57.5965],[14.8262,57.5964],[14.8286,57.5948],[14.8407,57.5922],[14.8415,57.5909],[14.8444,57.5899],[14.8494,57.5909],[14.8579,57.5911],[14.8598,57.5956],[14.8616,57.595],[14.8643,57.5962],[14.8651,57.5976],[14.8665,57.5969],[14.8676,57.5929],[14.8701,57.5914],[14.8801,57.5905],[14.8826,57.5913],[14.8853,57.5906],[14.8866,57.5887],[14.8957,57.5867],[14.9,57.5872],[14.9076,57.5845],[14.9156,57.5846],[14.9256,57.5823],[14.9314,57.5823],[14.9348,57.5764],[14.938,57.5759],[14.9411,57.5738],[14.9528,57.5714],[14.9566,57.5663],[14.9556,57.5644],[14.9573,57.5639],[14.9552,57.5632],[14.9568,57.5618],[14.9554,57.5594],[14.9565,57.5577],[14.9533,57.557],[14.9554,57.5556],[14.9501,57.5482],[14.9636,57.5381],[14.983,57.5365],[14.9829,57.536],[14.9645,57.5367],[14.9653,57.5354],[14.9847,57.5348],[14.9911,57.5338],[14.9914,57.5357],[14.9991,57.5367],[15.0227,57.5438],[15.0484,57.5315],[15.0522,57.5278],[15.0553,57.5284],[15.0607,57.5261],[15.0699,57.5174],[15.078,57.5165],[15.0777,57.5156],[15.0794,57.5155],[15.0801,57.5146],[15.079,57.5142],[15.0811,57.5124],[15.0838,57.5125],[15.0835,57.516],[15.0849,57.5159],[15.1035,57.5119],[15.1042,57.511],[15.1061,57.5113],[15.1182,57.5076],[15.1255,57.5085],[15.1246,57.5098],[15.1262,57.5086],[15.1367,57.5093],[15.1434,57.5084],[15.1489,57.5086],[15.1559,57.5117],[15.1624,57.513],[15.1672,57.5149],[15.1741,57.5156],[15.1775,57.5171],[15.1807,57.5164],[15.1904,57.5196],[15.189,57.521],[15.1907,57.5214],[15.2034,57.5235],[15.2079,57.5235],[15.212,57.5222],[15.2201,57.5253],[15.2196,57.5271],[15.2208,57.5289],[15.2266,57.5324],[15.2301,57.5272],[15.226,57.5242],[15.2276,57.5214],[15.2306,57.5214],[15.2429,57.5166],[15.2461,57.5181],[15.2495,57.5184],[15.2522,57.5168],[15.254,57.5134],[15.2581,57.5115],[15.2645,57.5115],[15.2712,57.5081],[15.2863,57.5135],[15.2977,57.5143],[15.3032,57.5157],[15.3082,57.5147],[15.31,57.515],[15.3209,57.5095],[15.3309,57.5082],[15.3382,57.5032],[15.3519,57.4998],[15.3653,57.4931],[15.367,57.4962],[15.3649,57.4971],[15.3657,57.4984],[15.38,57.5057],[15.3792,57.5067],[15.3811,57.5076],[15.3826,57.507],[15.3857,57.5081],[15.3904,57.505],[15.3954,57.5049],[15.4035,57.5059],[15.4035,57.5114],[15.4087,57.5117],[15.4109,57.511],[15.4157,57.5116],[15.4172,57.5111],[15.4231,57.5119],[15.4369,57.5092],[15.4454,57.5086],[15.4475,57.5074],[15.4509,57.5077],[15.4471,57.5136],[15.4475,57.5177],[15.4454,57.5179],[15.4442,57.5188],[15.4512,57.5244],[15.4564,57.5268],[15.4627,57.5314],[15.4687,57.535],[15.4768,57.5383],[15.4888,57.5325],[15.4937,57.5324],[15.4938,57.5301],[15.5028,57.5258],[15.5025,57.5285],[15.5049,57.5298],[15.5072,57.5298],[15.5052,57.5316],[15.5117,57.5336],[15.5099,57.5352],[15.5118,57.5374],[15.5077,57.5413],[15.5076,57.5428],[15.5058,57.543],[15.5012,57.5461],[15.4945,57.5472],[15.4918,57.5493],[15.4916,57.5508],[15.4951,57.5508],[15.4946,57.5546],[15.4932,57.5558],[15.4949,57.5573],[15.5088,57.559],[15.5138,57.5619],[15.5259,57.5598],[15.544,57.5534],[15.5486,57.5538],[15.5547,57.5526],[15.5617,57.5485],[15.5683,57.5476],[15.5717,57.5481],[15.5826,57.5477],[15.5862,57.5467],[15.5927,57.548],[15.601,57.5441],[15.6038,57.5437],[15.6044,57.5426],[15.6091,57.5431],[15.6122,57.5427],[15.6148,57.5411],[15.6151,57.5418],[15.6172,57.5417],[15.617,57.5406],[15.6189,57.5393],[15.6162,57.5376],[15.6257,57.532],[15.6327,57.5291],[15.6342,57.5294],[15.6348,57.5207],[15.6384,57.5125],[15.6468,57.5056],[15.6519,57.5047],[15.6548,57.5011],[15.6516,57.4986],[15.6445,57.4965],[15.6405,57.4924],[15.6377,57.4941],[15.6319,57.4917],[15.6269,57.491],[15.6225,57.4872],[15.6217,57.4815],[15.6195,57.4797],[15.6205,57.4777],[15.6183,57.4769],[15.6203,57.4754],[15.6185,57.4737],[15.619,57.4713],[15.6178,57.4694],[15.6189,57.4651],[15.6165,57.4621],[15.6184,57.4597],[15.6176,57.4583],[15.6203,57.454],[15.6202,57.4519],[15.6179,57.4495],[15.6139,57.4412],[15.6098,57.4404],[15.6085,57.4381],[15.6052,57.4357],[15.5969,57.4349],[15.5951,57.4366],[15.5942,57.4426],[15.5918,57.4446],[15.583,57.4484],[15.5744,57.4487],[15.5696,57.4549],[15.5649,57.4567],[15.561,57.457],[15.5619,57.4632],[15.5602,57.4656],[15.5597,57.466],[15.5559,57.4651],[15.5524,57.4683],[15.5495,57.4677],[15.5482,57.465],[15.5315,57.46],[15.53,57.4582],[15.527,57.4593],[15.5246,57.4571],[15.5141,57.4541],[15.5137,57.4558],[15.5121,57.4563],[15.5118,57.4521],[15.5084,57.448],[15.5113,57.452],[15.5118,57.4563],[15.505,57.4573],[15.5019,57.4418],[15.4963,57.4298],[15.4987,57.4111],[15.5031,57.4105],[15.5093,57.4116],[15.5141,57.4106],[15.5202,57.4106],[15.5219,57.4095],[15.5249,57.4091],[15.5292,57.4064],[15.5279,57.4055],[15.5241,57.4061],[15.5204,57.4008],[15.5204,57.3913],[15.524,57.3844],[15.5213,57.3838],[15.5173,57.3815],[15.5071,57.3797],[15.4985,57.3738],[15.4952,57.3741],[15.4986,57.3708],[15.5085,57.3677],[15.5129,57.3644],[15.518,57.3637],[15.5162,57.3614],[15.5094,57.3615],[15.5134,57.359],[15.5144,57.3548],[15.5115,57.3534],[15.5113,57.3516],[15.5099,57.3507],[15.5216,57.3387],[15.519,57.3357],[15.5153,57.3337],[15.5154,57.3317],[15.5133,57.3303],[15.5127,57.3284],[15.5146,57.3242],[15.5118,57.3197],[15.5134,57.3153],[15.5132,57.3074],[15.5055,57.3099],[15.4988,57.3104],[15.4956,57.3093],[15.4924,57.3111],[15.4887,57.3117],[15.4831,57.3098],[15.4823,57.3085],[15.4809,57.3081],[15.4769,57.309],[15.4699,57.3065],[15.469,57.3052],[15.47,57.3028],[15.468,57.3013],[15.4693,57.2998],[15.4698,57.2956],[15.4722,57.2932],[15.4702,57.2912],[15.4763,57.2863],[15.477,57.2841],[15.4822,57.2787],[15.4744,57.279],[15.4725,57.2764],[15.4751,57.2722],[15.4734,57.2726],[15.4727,57.2715],[15.4707,57.271],[15.4575,57.27],[15.463,57.2654],[15.4764,57.2587],[15.4895,57.2487],[15.4942,57.2488],[15.499,57.2499],[15.504,57.2498],[15.5063,57.2481],[15.5167,57.244],[15.5159,57.2417],[15.5222,57.2358],[15.5233,57.2348],[15.5277,57.2336],[15.5232,57.2316],[15.5239,57.2293],[15.5279,57.2252],[15.5263,57.2246],[15.5261,57.2217],[15.5236,57.2196],[15.5206,57.2138],[15.5202,57.2102],[15.5191,57.209],[15.5148,57.2085],[15.5159,57.2064],[15.513,57.2058],[15.5127,57.2041],[15.5142,57.2025],[15.5185,57.2014],[15.527,57.192],[15.5284,57.1916],[15.5291,57.192],[15.5276,57.1925],[15.5362,57.1997],[15.5508,57.2099],[15.5518,57.2111],[15.5501,57.2151],[15.5515,57.2168],[15.557,57.2163],[15.5621,57.2144],[15.5624,57.2151],[15.5758,57.2127],[15.58,57.2101],[15.5862,57.2081],[15.581,57.2156],[15.5849,57.2155],[15.5928,57.2171],[15.6008,57.2278],[15.6197,57.2398],[15.639,57.249],[15.6427,57.2396],[15.6491,57.2366],[15.6561,57.2366],[15.6575,57.236],[15.6567,57.2349],[15.659,57.2328],[15.6695,57.2332],[15.6742,57.2309],[15.6761,57.2266],[15.6985,57.2336],[15.719,57.2324],[15.7363,57.2293],[15.7404,57.2255],[15.747,57.2225],[15.7462,57.2217],[15.7437,57.2219],[15.742,57.2207],[15.7569,57.2138],[15.7645,57.2037],[15.7683,57.2016],[15.7718,57.2039],[15.7752,57.203],[15.7768,57.2045],[15.7765,57.2057],[15.78,57.2066],[15.7814,57.2081],[15.7857,57.2078],[15.7857,57.2116],[15.7843,57.2136],[15.7858,57.2149],[15.785,57.216],[15.7899,57.2208],[15.7839,57.2276],[15.786,57.2308],[15.785,57.2316],[15.8019,57.239],[15.8521,57.245],[15.8781,57.249],[15.8844,57.2518],[15.9112,57.2568],[15.9132,57.254],[15.923,57.2522],[15.9282,57.2499],[15.9328,57.2464],[15.9349,57.243],[15.9562,57.2511],[15.9766,57.2461],[15.9917,57.2498],[16.021,57.2627],[16.0266,57.262],[16.0328,57.2597],[16.0376,57.2625],[16.0506,57.2658],[16.0438,57.2714],[16.0408,57.2837],[16.0398,57.2924],[16.0414,57.2973],[16.0458,57.2993],[16.0442,57.3013],[16.0432,57.3059],[16.0437,57.3114],[16.0449,57.313],[16.0445,57.3218],[16.0429,57.3229],[16.0399,57.3387],[16.0422,57.3441],[16.0379,57.3503],[16.0425,57.353],[16.0532,57.3558],[16.0428,57.3806],[16.0224,57.3973],[16.0285,57.3968],[16.0261,57.3994],[16.0191,57.4031],[16.0106,57.4038],[16.0035,57.4062],[15.9921,57.4084],[15.9891,57.4105],[15.9845,57.4117],[15.9836,57.4129],[15.9862,57.4135],[15.993,57.4334],[16.0172,57.4322],[16.0445,57.4339],[16.0605,57.42],[16.0735,57.4119],[16.0859,57.406],[16.0902,57.4028],[16.0965,57.4045],[16.108,57.4051],[16.114,57.4086],[16.1124,57.4115],[16.1064,57.4163],[16.1036,57.4219],[16.1099,57.4184],[16.1146,57.4178],[16.1159,57.4203],[16.1243,57.4236],[16.126,57.4245],[16.126,57.4258],[16.1307,57.4278],[16.1337,57.431],[16.1319,57.4341],[16.1383,57.4419],[16.1395,57.449],[16.1559,57.4552],[16.1468,57.4598],[16.1517,57.4606],[16.1773,57.4503],[16.1877,57.474],[16.1941,57.4753],[16.2034,57.479],[16.209,57.4834],[16.2171,57.4804],[16.219,57.4818],[16.2159,57.4876],[16.22,57.4889],[16.2219,57.491],[16.2221,57.4938],[16.2407,57.4948],[16.2431,57.4955],[16.2417,57.4983],[16.24,57.4978],[16.2389,57.4985],[16.2402,57.5019],[16.2445,57.5],[16.2508,57.5053],[16.2647,57.5047],[16.2729,57.5069],[16.2738,57.5061],[16.281,57.5057],[16.2989,57.5112],[16.3048,57.5114],[16.3131,57.5129],[16.3159,57.5139],[16.3114,57.5167],[16.3138,57.5206],[16.3128,57.522],[16.3138,57.5242],[16.3226,57.5213],[16.322,57.5207],[16.3428,57.5167],[16.36,57.5162],[16.3696,57.5174],[16.3615,57.4903],[16.3642,57.4921],[16.3704,57.4896],[16.3823,57.4888],[16.3835,57.4871],[16.4005,57.4823],[16.4009,57.4809],[16.4036,57.4794],[16.4121,57.4772],[16.4196,57.4725],[16.4381,57.4707],[16.4465,57.4636],[16.4578,57.4575],[16.4418,57.4439],[16.4296,57.4469],[16.423,57.447],[16.39,57.4517],[16.3514,57.4596],[16.3512,57.4518],[16.3525,57.4514],[16.3495,57.4481],[16.3443,57.4503],[16.3445,57.4512],[16.3384,57.4518],[16.3423,57.4507],[16.3413,57.449],[16.3348,57.4449],[16.3348,57.4421],[16.3395,57.439],[16.3333,57.437],[16.3309,57.438],[16.3253,57.4373],[16.3306,57.4318],[16.3305,57.4163],[16.3294,57.4159],[16.3325,57.4156],[16.3388,57.4133],[16.3421,57.4109],[16.3461,57.4106],[16.3424,57.4065],[16.3247,57.4087],[16.3202,57.4134],[16.3116,57.411],[16.319,57.3955],[16.3233,57.3913],[16.3235,57.3804],[16.3292,57.3671],[16.3253,57.3662],[16.3365,57.364],[16.3478,57.3634],[16.3592,57.3646],[16.38,57.3631],[16.3875,57.3644],[16.3976,57.3639],[16.4073,57.3624],[16.4116,57.3627],[16.4267,57.3596],[16.4296,57.3598],[16.4422,57.3552],[16.4507,57.3547],[16.4543,57.3556],[16.4567,57.3532],[16.4599,57.353],[16.4599,57.3522],[16.4647,57.3507],[16.4662,57.3515],[16.4716,57.3483],[16.4712,57.3455],[16.4692,57.3451],[16.4724,57.3435],[16.4747,57.3435],[16.4763,57.3381],[16.4793,57.3387],[16.4819,57.3376],[16.4837,57.3384],[16.49,57.3376],[16.4894,57.3362],[16.4935,57.3354],[16.4954,57.3364],[16.4993,57.3365],[16.4999,57.3454],[16.5027,57.347],[16.5094,57.343],[16.5129,57.3442],[16.5114,57.3457],[16.512,57.3476],[16.52,57.3474],[16.5209,57.3506],[16.5198,57.3548],[16.5248,57.3538],[16.5235,57.3452],[16.5178,57.3397],[16.5113,57.3363],[16.5119,57.3355],[16.5159,57.3347],[16.5157,57.3339],[16.519,57.3318],[16.5199,57.3327],[16.5239,57.3329],[16.5266,57.3317],[16.5349,57.3311],[16.5355,57.3301],[16.539,57.3294],[16.5528,57.3302],[16.5568,57.326],[16.5617,57.3253],[16.5652,57.3237],[16.5859,57.3274],[16.6154,57.3247],[16.7639,57.1662],[16.8793,57.2412],[16.8186,57.3526],[17.0226,57.4945],[17.4043,57.4902],[17.4337,57.4662],[17.4484,57.4531],[17.4611,57.4396],[17.472,57.4256],[17.4808,57.4111],[17.5055,57.3645],[17.513,57.3471],[17.5178,57.3294],[17.5196,57.3116],[17.5184,57.2938],[17.5143,57.2761],[17.5073,57.2586],[17.4974,57.2416],[17.4848,57.2251],[17.443,57.1766],[17.4373,57.1459],[17.4309,57.1293],[17.422,57.113],[17.2134,56.7816],[17.1991,56.7621],[17.1278,56.6776],[17.1049,56.6617],[17.0978,56.6543],[17.0801,56.6148],[17.0702,56.5981],[17.069,56.5833],[17.0658,56.5686],[17.0606,56.554],[17.0523,56.536],[17.0278,56.5006],[17.0116,56.4835],[16.9925,56.4673],[16.9686,56.4304],[16.9551,56.3986],[16.9439,56.3803],[16.9377,56.3727]],[[16.3341,57.4104],[16.3373,57.4101],[16.3377,57.4106],[16.3344,57.4114],[16.3341,57.4104]]],[[[14.9911,57.5346],[14.9899,57.5353],[14.9912,57.5352],[14.9911,57.5346]]]]}},{"type":"Feature","properties":{"descriptio":"","name":"","namn":"Linköpings stift","skpkod":"02"},"geometry":{"type":"MultiPolygon","coordinates":[[[[16.3377,57.4106],[16.3373,57.4101],[16.3341,57.4104],[16.3344,57.4114],[16.3377,57.4106]]],[[[15.2266,57.5324],[15.2208,57.5289],[15.2196,57.5271],[15.2205,57.5255],[15.218,57.524],[15.2161,57.5241],[15.212,57.5222],[15.2079,57.5235],[15.2034,57.5235],[15.1907,57.5214],[15.189,57.521],[15.1904,57.5196],[15.1807,57.5164],[15.1775,57.5171],[15.1741,57.5156],[15.1672,57.5149],[15.1624,57.513],[15.1559,57.5117],[15.1489,57.5086],[15.1434,57.5084],[15.1367,57.5093],[15.1262,57.5086],[15.1246,57.5098],[15.1255,57.5085],[15.1182,57.5076],[15.1061,57.5113],[15.1042,57.511],[15.1035,57.5119],[15.0835,57.516],[15.0838,57.5125],[15.0811,57.5124],[15.079,57.5142],[15.0801,57.5146],[15.0794,57.5155],[15.0777,57.5156],[15.078,57.5165],[15.0699,57.5174],[15.0607,57.5261],[15.0553,57.5284],[15.0522,57.5278],[15.0484,57.5315],[15.0227,57.5438],[14.9991,57.5367],[14.9914,57.5357],[14.9911,57.5338],[14.9847,57.5348],[14.9653,57.5354],[14.9645,57.5367],[14.9829,57.536],[14.983,57.5365],[14.9636,57.5381],[14.9501,57.5482],[14.9554,57.5556],[14.9533,57.557],[14.9565,57.5577],[14.9554,57.5594],[14.9568,57.5618],[14.9552,57.5632],[14.9573,57.5639],[14.9556,57.5644],[14.9566,57.5663],[14.9528,57.5714],[14.9411,57.5738],[14.938,57.5759],[14.9348,57.5764],[14.9314,57.5823],[14.9256,57.5823],[14.9156,57.5846],[14.9076,57.5845],[14.9,57.5872],[14.8957,57.5867],[14.8866,57.5887],[14.8853,57.5906],[14.8826,57.5913],[14.8801,57.5905],[14.8701,57.5914],[14.8676,57.5929],[14.8665,57.5969],[14.8651,57.5976],[14.8643,57.5962],[14.8616,57.595],[14.8598,57.5956],[14.8579,57.5911],[14.8494,57.5909],[14.8444,57.5899],[14.8415,57.5909],[14.8407,57.5922],[14.8286,57.5948],[14.8262,57.5964],[14.8182,57.5965],[14.8148,57.5977],[14.8134,57.5964],[14.8118,57.5964],[14.8112,57.5993],[14.7883,57.6068],[14.7909,57.6119],[14.7911,57.6174],[14.7875,57.619],[14.7857,57.6256],[14.7819,57.6278],[14.7806,57.6303],[14.778,57.6306],[14.7763,57.632],[14.777,57.6341],[14.7716,57.639],[14.7713,57.6408],[14.765,57.6425],[14.7592,57.6457],[14.7592,57.6488],[14.7568,57.652],[14.7527,57.6531],[14.7514,57.6545],[14.7528,57.6576],[14.7506,57.6631],[14.7637,57.6651],[14.772,57.6675],[14.7725,57.6695],[14.7703,57.6745],[14.7632,57.6724],[14.7583,57.6693],[14.759,57.6651],[14.7538,57.6661],[14.7506,57.6649],[14.7499,57.6713],[14.7555,57.6718],[14.7601,57.6711],[14.7638,57.6729],[14.7703,57.6747],[14.7678,57.6758],[14.7527,57.6752],[14.7529,57.6794],[14.7501,57.6802],[14.7505,57.6851],[14.7452,57.6851],[14.7499,57.6903],[14.7494,57.6918],[14.7518,57.6937],[14.7516,57.6951],[14.7414,57.6954],[14.7387,57.6945],[14.7331,57.6941],[14.7303,57.6948],[14.73,57.6961],[14.7244,57.7002],[14.7242,57.703],[14.721,57.7016],[14.7148,57.7042],[14.7127,57.7078],[14.7109,57.7081],[14.7084,57.707],[14.7051,57.7094],[14.7029,57.7097],[14.6993,57.7152],[14.7005,57.7186],[14.6985,57.7217],[14.696,57.7327],[14.6899,57.7369],[14.6781,57.7366],[14.6734,57.7375],[14.6712,57.7387],[14.6717,57.7426],[14.6707,57.7441],[14.6725,57.747],[14.6678,57.7475],[14.6633,57.7494],[14.6627,57.7521],[14.6609,57.7523],[14.658,57.7507],[14.653,57.7524],[14.6535,57.7536],[14.6503,57.7598],[14.6361,57.7657],[14.6376,57.7673],[14.6368,57.7715],[14.6397,57.7765],[14.6372,57.7799],[14.6346,57.781],[14.6291,57.7817],[14.6313,57.7845],[14.6315,57.7879],[14.6212,57.8022],[14.6211,57.8123],[14.6195,57.8121],[14.6164,57.8139],[14.6162,57.8189],[14.6139,57.8215],[14.6136,57.826],[14.6194,57.8309],[14.6042,57.8298],[14.5986,57.8351],[14.6005,57.841],[14.6039,57.8443],[14.6027,57.8444],[14.6047,57.8542],[14.6012,57.8571],[14.5965,57.8553],[14.5913,57.8553],[14.5893,57.8585],[14.5867,57.8597],[14.5858,57.8625],[14.5913,57.869],[14.5743,57.8678],[14.5676,57.8716],[14.5437,57.8734],[14.5381,57.8695],[14.5372,57.8675],[14.5351,57.8671],[14.5343,57.8649],[14.5274,57.8636],[14.5236,57.8589],[14.5185,57.8577],[14.517,57.8591],[14.5135,57.8593],[14.5059,57.8542],[14.5012,57.854],[14.4954,57.8556],[14.4959,57.8633],[14.4945,57.8646],[14.4892,57.8661],[14.479,57.8743],[14.4782,57.8765],[14.4811,57.8808],[14.4771,57.8855],[14.4798,57.8872],[14.483,57.8981],[14.4828,57.9],[14.4797,57.9007],[14.4787,57.9017],[14.4799,57.9035],[14.4794,57.9016],[14.4817,57.9025],[14.4806,57.9045],[14.4818,57.9064],[14.4816,57.9108],[14.4803,57.9107],[14.4825,57.9136],[14.4808,57.9159],[14.4848,57.9194],[14.4854,57.9252],[14.4962,57.9298],[14.4961,57.9334],[14.4991,57.935],[14.5004,57.9373],[14.5036,57.9391],[14.5115,57.9389],[14.5132,57.9422],[14.5224,57.9393],[14.5269,57.9406],[14.5296,57.9397],[14.5351,57.9395],[14.5373,57.9403],[14.5398,57.9401],[14.5408,57.9415],[14.5427,57.9413],[14.5446,57.9428],[14.5461,57.9452],[14.5487,57.9459],[14.5488,57.9472],[14.5553,57.9493],[14.5572,57.9479],[14.5751,57.9474],[14.5755,57.9442],[14.5792,57.9421],[14.5843,57.9425],[14.5839,57.9473],[14.5817,57.9506],[14.5791,57.9518],[14.5772,57.9587],[14.5818,57.9652],[14.577,57.9719],[14.5801,57.9814],[14.5772,57.9882],[14.5996,57.9991],[14.6057,58.0003],[14.6133,58.0006],[14.6141,58.0013],[14.6162,58.0063],[14.6149,58.0111],[14.6204,58.0174],[14.6178,58.0221],[14.6196,58.0243],[14.6152,58.0285],[14.6136,58.0351],[14.608,58.0384],[14.6086,58.0403],[14.6072,58.0414],[14.6061,58.0458],[14.6093,58.0479],[14.6089,58.0501],[14.6192,58.0506],[14.623,58.0517],[14.6191,58.0532],[14.6199,58.0543],[14.6174,58.0576],[14.6116,58.0609],[14.6088,58.0652],[14.6049,58.067],[14.6041,58.0707],[14.6062,58.0748],[14.6043,58.0813],[14.6025,58.0828],[14.6015,58.0862],[14.5969,58.0904],[14.5951,58.0946],[14.5931,58.0959],[14.5928,58.0996],[14.589,58.1029],[14.5809,58.1056],[14.5762,58.1051],[14.571,58.1075],[14.5702,58.1063],[14.5654,58.1066],[14.5638,58.1055],[14.5599,58.1057],[14.557,58.1046],[14.5496,58.1051],[14.5487,58.1064],[14.5457,58.1068],[14.5439,58.1114],[14.4683,58.1311],[14.4177,58.1911],[14.5204,58.356],[14.5425,58.3797],[14.6735,58.5101],[14.7788,58.6462],[14.8066,58.6651],[14.9292,58.6968],[14.9334,58.6964],[14.9362,58.6948],[14.9555,58.6929],[14.9638,58.6895],[14.9695,58.6833],[14.9725,58.6834],[14.9725,58.6854],[14.9752,58.6871],[14.9924,58.6919],[14.9955,58.6944],[15.0016,58.6965],[15.0039,58.6957],[15.0116,58.7056],[15.0191,58.7045],[15.029,58.7053],[15.0345,58.7043],[15.0492,58.7222],[15.0488,58.7245],[15.0537,58.7382],[15.0646,58.749],[15.0669,58.7544],[15.0837,58.7668],[15.0884,58.7665],[15.0931,58.7619],[15.098,58.7658],[15.0947,58.7663],[15.0947,58.768],[15.0964,58.7689],[15.1068,58.7678],[15.1087,58.7708],[15.1152,58.7702],[15.1168,58.7764],[15.1196,58.7808],[15.121,58.7805],[15.1218,58.7835],[15.1233,58.7833],[15.1249,58.7864],[15.1325,58.787],[15.1321,58.7889],[15.1229,58.7897],[15.1227,58.789],[15.1191,58.7908],[15.122,58.7937],[15.1279,58.7964],[15.1356,58.8111],[15.1348,58.8122],[15.1381,58.8207],[15.1674,58.8107],[15.188,58.8128],[15.1983,58.8147],[15.2038,58.8169],[15.2181,58.8273],[15.221,58.8315],[15.2216,58.8353],[15.219,58.8427],[15.2407,58.8413],[15.2406,58.8404],[15.2425,58.8399],[15.2431,58.8406],[15.247,58.8383],[15.2468,58.8417],[15.2445,58.8445],[15.2422,58.8432],[15.2425,58.8415],[15.2406,58.8415],[15.2406,58.8431],[15.2454,58.8458],[15.247,58.8479],[15.25,58.8488],[15.2497,58.8481],[15.2541,58.8479],[15.2562,58.8498],[15.2569,58.8585],[15.2628,58.8651],[15.2754,58.8632],[15.2879,58.8553],[15.2891,58.852],[15.2952,58.8498],[15.3002,58.852],[15.304,58.8527],[15.3067,58.8546],[15.3253,58.8593],[15.3264,58.8503],[15.3398,58.8353],[15.3476,58.8292],[15.3814,58.8469],[15.4029,58.842],[15.405,58.8375],[15.4107,58.8328],[15.4065,58.8283],[15.4114,58.8258],[15.411,58.8248],[15.4144,58.8206],[15.4125,58.8192],[15.4145,58.8144],[15.4136,58.8069],[15.4294,58.8146],[15.425,58.8182],[15.4243,58.822],[15.4309,58.8232],[15.454,58.8211],[15.4539,58.8255],[15.4513,58.8325],[15.4522,58.8372],[15.4436,58.852],[15.4442,58.8533],[15.446,58.8535],[15.4407,58.8642],[15.4692,58.8636],[15.4753,58.8625],[15.4919,58.8659],[15.508,58.8639],[15.5307,58.8646],[15.537,58.8666],[15.5387,58.8693],[15.5426,58.8714],[15.5452,58.8719],[15.554,58.8705],[15.5633,58.8941],[15.578,58.895],[15.586,58.8965],[15.594,58.9056],[15.5923,58.9077],[15.5932,58.9093],[15.5835,58.9191],[15.5718,58.9273],[15.5584,58.941],[15.5551,58.9565],[15.5814,58.9597],[15.5911,58.9596],[15.6031,58.9683],[15.6291,58.9832],[15.633,58.9813],[15.6376,58.9761],[15.6416,58.9739],[15.6578,58.975],[15.6777,58.9742],[15.6819,58.9753],[15.6875,58.9809],[15.6872,58.9894],[15.6878,58.9882],[15.691,58.9867],[15.7032,58.9848],[15.705,58.9852],[15.7052,58.9866],[15.7123,58.9874],[15.7207,58.9896],[15.728,58.9836],[15.7258,58.9817],[15.7257,58.9801],[15.7331,58.9738],[15.7363,58.9663],[15.7427,58.9565],[15.7413,58.9511],[15.7644,58.9565],[15.7618,58.9637],[15.7643,58.9642],[15.7668,58.9665],[15.7697,58.9655],[15.774,58.9655],[15.7728,58.9664],[15.7785,58.9676],[15.7804,58.9692],[15.7801,58.9756],[15.7822,58.9848],[15.7923,58.9904],[15.7968,58.9953],[15.8069,59.0027],[15.8073,59.0125],[15.8154,59.0187],[15.8208,59.0184],[15.8429,59.0149],[15.8721,58.9995],[15.8655,58.9907],[15.8755,58.9893],[15.8786,58.9903],[15.8834,58.9875],[15.8824,58.9791],[15.8888,58.9777],[15.8966,58.9738],[15.9115,58.9624],[15.9298,58.9608],[15.9381,58.9564],[15.9502,58.9534],[15.9961,58.9367],[16.0358,58.928],[16.0538,58.9274],[16.0657,58.9229],[16.0822,58.9195],[16.0813,58.9174],[16.083,58.9159],[16.0851,58.9141],[16.0908,58.9121],[16.0889,58.9106],[16.0889,58.9083],[16.0938,58.9057],[16.0944,58.9038],[16.0877,58.904],[16.0918,58.9016],[16.0991,58.8993],[16.1003,58.894],[16.1026,58.8916],[16.1022,58.8858],[16.1121,58.8854],[16.1178,58.8838],[16.1197,58.8825],[16.1186,58.8819],[16.1194,58.8815],[16.1239,58.8813],[16.1322,58.8777],[16.1442,58.875],[16.1518,58.8697],[16.1661,58.8633],[16.1727,58.8618],[16.1803,58.8585],[16.1822,58.8569],[16.1788,58.8549],[16.1822,58.854],[16.1857,58.8513],[16.1854,58.8499],[16.1915,58.8463],[16.1924,58.8433],[16.1914,58.8391],[16.1956,58.8389],[16.1974,58.8397],[16.1989,58.8372],[16.2014,58.8361],[16.2106,58.8349],[16.2124,58.8336],[16.2159,58.8379],[16.2198,58.8384],[16.2636,58.8322],[16.2893,58.8007],[16.2963,58.7983],[16.2978,58.7965],[16.3009,58.7953],[16.302,58.7957],[16.3048,58.7951],[16.3103,58.7915],[16.3075,58.7867],[16.3064,58.7867],[16.3086,58.7855],[16.2952,58.7761],[16.3022,58.7715],[16.3046,58.7683],[16.3072,58.772],[16.315,58.7732],[16.3222,58.7756],[16.3274,58.7796],[16.3382,58.7721],[16.3384,58.7703],[16.3433,58.7678],[16.3433,58.7658],[16.3461,58.7654],[16.3477,58.7662],[16.3687,58.753],[16.3699,58.7413],[16.3745,58.74],[16.3706,58.7343],[16.3733,58.7335],[16.3724,58.7312],[16.3765,58.7299],[16.3779,58.7273],[16.3723,58.7271],[16.3772,58.7081],[16.3838,58.7056],[16.3858,58.7036],[16.3966,58.7027],[16.3992,58.7019],[16.4061,58.7039],[16.4177,58.703],[16.427,58.6983],[16.427,58.6972],[16.4522,58.6983],[16.4611,58.6979],[16.4634,58.6987],[16.4662,58.6975],[16.475,58.6963],[16.5106,58.6978],[16.5415,58.7009],[16.5576,58.6968],[16.559,58.6975],[16.5845,58.6979],[16.6074,58.6941],[16.618,58.6909],[16.618,58.6901],[16.6206,58.6901],[16.6213,58.691],[16.6283,58.6899],[16.6298,58.6865],[16.6328,58.6851],[16.6346,58.6856],[16.6339,58.686],[16.6371,58.685],[16.6371,58.6836],[16.6345,58.6821],[16.6392,58.6755],[16.6426,58.6763],[16.6462,58.6794],[16.6457,58.6812],[16.6488,58.6819],[16.6898,58.6756],[16.6965,58.6715],[16.7018,58.67],[16.7031,58.6681],[16.7091,58.665],[16.71,58.6599],[16.7244,58.6508],[16.7231,58.6479],[16.7264,58.6492],[16.7337,58.6438],[16.7584,58.6302],[16.7516,58.6308],[16.7489,58.6302],[16.7502,58.6296],[16.7499,58.6271],[16.7877,58.6117],[16.7923,58.609],[16.8274,58.5943],[16.8901,58.601],[16.9189,58.5959],[16.9425,58.5845],[16.9724,58.581],[17.0164,58.5901],[17.0698,58.5907],[17.1309,58.5501],[17.1465,58.5327],[17.149,58.5033],[17.5667,58.3979],[17.5471,58.3097],[17.547,58.302],[17.5437,58.2848],[17.5378,58.2677],[17.2347,57.8255],[17.2697,57.7208],[17.2741,57.703],[17.2755,57.685],[17.2738,57.6669],[17.2692,57.6491],[17.2615,57.6315],[17.251,57.6145],[17.4043,57.4902],[17.0226,57.4945],[16.8186,57.3526],[16.8793,57.2412],[16.7639,57.1662],[16.6154,57.3247],[16.5859,57.3274],[16.5652,57.3237],[16.5617,57.3253],[16.5568,57.326],[16.5528,57.3302],[16.539,57.3294],[16.5355,57.3301],[16.5349,57.3311],[16.5266,57.3317],[16.5239,57.3329],[16.5199,57.3327],[16.519,57.3318],[16.5157,57.3339],[16.5159,57.3347],[16.5119,57.3355],[16.5113,57.3363],[16.5178,57.3397],[16.5235,57.3452],[16.5248,57.3538],[16.5198,57.3548],[16.5209,57.3506],[16.52,57.3474],[16.512,57.3476],[16.5114,57.3457],[16.5129,57.3442],[16.5094,57.343],[16.5027,57.347],[16.4999,57.3454],[16.4993,57.3365],[16.4954,57.3364],[16.4935,57.3354],[16.4894,57.3362],[16.49,57.3376],[16.4837,57.3384],[16.4819,57.3376],[16.4793,57.3387],[16.4763,57.3381],[16.4747,57.3435],[16.4724,57.3435],[16.4692,57.3451],[16.4712,57.3455],[16.4716,57.3483],[16.4662,57.3515],[16.4647,57.3507],[16.4599,57.3522],[16.4599,57.353],[16.4567,57.3532],[16.4543,57.3556],[16.4507,57.3547],[16.4422,57.3552],[16.4296,57.3598],[16.4267,57.3596],[16.4116,57.3627],[16.4073,57.3624],[16.3976,57.3639],[16.3875,57.3644],[16.38,57.3631],[16.3592,57.3646],[16.3478,57.3634],[16.3365,57.364],[16.3253,57.3662],[16.3292,57.3671],[16.3235,57.3804],[16.3233,57.3913],[16.319,57.3955],[16.3116,57.411],[16.3202,57.4134],[16.3247,57.4087],[16.3424,57.4065],[16.3461,57.4106],[16.3421,57.4109],[16.3388,57.4133],[16.3325,57.4156],[16.3294,57.4159],[16.3305,57.4163],[16.3306,57.4318],[16.3253,57.4373],[16.3309,57.438],[16.3333,57.437],[16.3395,57.439],[16.3348,57.4421],[16.3348,57.4449],[16.3413,57.449],[16.3423,57.4507],[16.3384,57.4518],[16.3445,57.4512],[16.3443,57.4503],[16.3495,57.4481],[16.3525,57.4514],[16.3512,57.4518],[16.3514,57.4596],[16.39,57.4517],[16.423,57.447],[16.4296,57.4469],[16.4418,57.4439],[16.4578,57.4575],[16.4465,57.4636],[16.4381,57.4707],[16.4196,57.4725],[16.4121,57.4772],[16.4036,57.4794],[16.4009,57.4809],[16.4005,57.4823],[16.3835,57.4871],[16.3823,57.4888],[16.3704,57.4896],[16.3642,57.4921],[16.3615,57.4903],[16.3696,57.5174],[16.36,57.5162],[16.3428,57.5167],[16.322,57.5207],[16.3226,57.5213],[16.3138,57.5242],[16.3128,57.522],[16.3138,57.5206],[16.3114,57.5167],[16.3159,57.5139],[16.3131,57.5129],[16.3048,57.5114],[16.2989,57.5112],[16.281,57.5057],[16.2738,57.5061],[16.2729,57.5069],[16.2647,57.5047],[16.2508,57.5053],[16.2445,57.5],[16.2402,57.5019],[16.2389,57.4985],[16.24,57.4978],[16.2417,57.4983],[16.2431,57.4955],[16.2407,57.4948],[16.2221,57.4938],[16.2219,57.491],[16.22,57.4889],[16.2159,57.4876],[16.219,57.4818],[16.2171,57.4804],[16.209,57.4834],[16.2034,57.479],[16.1941,57.4753],[16.1877,57.474],[16.1773,57.4503],[16.1517,57.4606],[16.1468,57.4598],[16.1559,57.4552],[16.1395,57.449],[16.1383,57.4419],[16.1319,57.4341],[16.1337,57.431],[16.1307,57.4278],[16.126,57.4258],[16.126,57.4245],[16.1243,57.4236],[16.1159,57.4203],[16.1146,57.4178],[16.1099,57.4184],[16.1036,57.4219],[16.1064,57.4163],[16.1124,57.4115],[16.114,57.4086],[16.108,57.4051],[16.0965,57.4045],[16.0902,57.4028],[16.0859,57.406],[16.0735,57.4119],[16.0605,57.42],[16.0445,57.4339],[16.0172,57.4322],[15.993,57.4334],[15.9862,57.4135],[15.9836,57.4129],[15.9845,57.4117],[15.9891,57.4105],[15.9921,57.4084],[16.0035,57.4062],[16.0106,57.4038],[16.0191,57.4031],[16.0261,57.3994],[16.0285,57.3968],[16.0224,57.3973],[16.0428,57.3806],[16.0532,57.3558],[16.0425,57.353],[16.0379,57.3503],[16.0422,57.3441],[16.0399,57.3387],[16.0429,57.3229],[16.0445,57.3218],[16.0449,57.313],[16.0437,57.3114],[16.0432,57.3059],[16.0442,57.3013],[16.0458,57.2993],[16.0414,57.2973],[16.0398,57.2924],[16.0408,57.2837],[16.0438,57.2714],[16.0506,57.2658],[16.0376,57.2625],[16.0328,57.2597],[16.0266,57.262],[16.021,57.2627],[15.9917,57.2498],[15.9766,57.2461],[15.9562,57.2511],[15.9349,57.243],[15.9328,57.2464],[15.9282,57.2499],[15.923,57.2522],[15.9132,57.254],[15.9112,57.2568],[15.8844,57.2518],[15.8781,57.249],[15.8521,57.245],[15.8019,57.239],[15.785,57.2316],[15.786,57.2308],[15.7839,57.2276],[15.7899,57.2208],[15.785,57.216],[15.7858,57.2149],[15.7843,57.2136],[15.7857,57.2116],[15.7857,57.2078],[15.7814,57.2081],[15.78,57.2066],[15.7765,57.2057],[15.7768,57.2045],[15.7752,57.203],[15.7718,57.2039],[15.7683,57.2016],[15.7645,57.2037],[15.7569,57.2138],[15.742,57.2207],[15.7437,57.2219],[15.7462,57.2217],[15.747,57.2225],[15.7404,57.2255],[15.7363,57.2293],[15.719,57.2324],[15.6985,57.2336],[15.6761,57.2266],[15.6742,57.2309],[15.6695,57.2332],[15.659,57.2328],[15.6567,57.2349],[15.6575,57.236],[15.6561,57.2366],[15.6491,57.2366],[15.6427,57.2396],[15.639,57.249],[15.6197,57.2398],[15.6008,57.2278],[15.5928,57.2171],[15.5849,57.2155],[15.581,57.2156],[15.5862,57.2081],[15.58,57.2101],[15.5758,57.2127],[15.5624,57.2151],[15.5621,57.2144],[15.557,57.2163],[15.5515,57.2168],[15.5501,57.2151],[15.5518,57.2111],[15.5508,57.2099],[15.5362,57.1997],[15.5276,57.1925],[15.5291,57.192],[15.5284,57.1916],[15.527,57.192],[15.5185,57.2014],[15.5142,57.2025],[15.5127,57.2041],[15.513,57.2058],[15.5159,57.2064],[15.5148,57.2085],[15.5191,57.209],[15.5202,57.2102],[15.5206,57.2138],[15.5236,57.2196],[15.5261,57.2217],[15.5263,57.2246],[15.5279,57.2252],[15.5239,57.2293],[15.5232,57.2316],[15.5277,57.2336],[15.5233,57.2348],[15.5222,57.2358],[15.5159,57.2417],[15.5167,57.244],[15.5063,57.2481],[15.504,57.2498],[15.499,57.2499],[15.4942,57.2488],[15.4895,57.2487],[15.4764,57.2587],[15.463,57.2654],[15.4575,57.27],[15.4707,57.271],[15.4727,57.2715],[15.4734,57.2726],[15.4751,57.2722],[15.4725,57.2764],[15.4744,57.279],[15.4822,57.2787],[15.477,57.2841],[15.4763,57.2863],[15.4702,57.2912],[15.4722,57.2932],[15.4698,57.2956],[15.4693,57.2998],[15.468,57.3013],[15.47,57.3028],[15.469,57.3052],[15.4699,57.3065],[15.4769,57.309],[15.4809,57.3081],[15.4823,57.3085],[15.4831,57.3098],[15.4887,57.3117],[15.4924,57.3111],[15.4956,57.3093],[15.4988,57.3104],[15.5055,57.3099],[15.5132,57.3074],[15.5134,57.3153],[15.5118,57.3197],[15.5146,57.3242],[15.5127,57.3284],[15.5133,57.3303],[15.5154,57.3317],[15.5153,57.3337],[15.519,57.3357],[15.5216,57.3387],[15.5099,57.3507],[15.5113,57.3516],[15.5115,57.3534],[15.5144,57.3548],[15.5134,57.359],[15.5094,57.3615],[15.5162,57.3614],[15.518,57.3637],[15.5129,57.3644],[15.5085,57.3677],[15.4986,57.3708],[15.4952,57.3741],[15.4985,57.3738],[15.5071,57.3797],[15.5173,57.3815],[15.5213,57.3838],[15.524,57.3844],[15.5204,57.3913],[15.5204,57.4008],[15.5241,57.4061],[15.5279,57.4055],[15.5292,57.4064],[15.5249,57.4091],[15.5219,57.4095],[15.5202,57.4106],[15.5141,57.4106],[15.5093,57.4116],[15.5031,57.4105],[15.4987,57.4111],[15.4963,57.4298],[15.5019,57.4418],[15.505,57.4573],[15.5118,57.4563],[15.5113,57.452],[15.5084,57.448],[15.5118,57.4521],[15.5121,57.4563],[15.5137,57.4558],[15.5141,57.4541],[15.5246,57.4571],[15.527,57.4593],[15.53,57.4582],[15.5315,57.46],[15.5482,57.465],[15.5495,57.4677],[15.5524,57.4683],[15.5559,57.4651],[15.5597,57.466],[15.5602,57.4656],[15.5619,57.4632],[15.561,57.457],[15.5649,57.4567],[15.5696,57.4549],[15.5744,57.4487],[15.583,57.4484],[15.5918,57.4446],[15.5942,57.4426],[15.5951,57.4366],[15.5969,57.4349],[15.6052,57.4357],[15.6085,57.4381],[15.6098,57.4404],[15.6139,57.4412],[15.6179,57.4495],[15.6202,57.4519],[15.6203,57.454],[15.6176,57.4583],[15.6184,57.4597],[15.6165,57.4621],[15.6189,57.4651],[15.6178,57.4694],[15.619,57.4713],[15.6185,57.4737],[15.6203,57.4754],[15.6183,57.4769],[15.6205,57.4777],[15.6195,57.4797],[15.6217,57.4815],[15.6225,57.4872],[15.6269,57.491],[15.6319,57.4917],[15.6377,57.4941],[15.6405,57.4924],[15.6445,57.4965],[15.6516,57.4986],[15.6548,57.5011],[15.6519,57.5047],[15.6468,57.5056],[15.6384,57.5125],[15.6348,57.5207],[15.6342,57.5294],[15.6327,57.5291],[15.6257,57.532],[15.6162,57.5376],[15.6189,57.5393],[15.617,57.5406],[15.6172,57.5417],[15.6151,57.5418],[15.6148,57.5411],[15.6122,57.5427],[15.6091,57.5431],[15.6044,57.5426],[15.6038,57.5437],[15.601,57.5441],[15.5927,57.548],[15.5862,57.5467],[15.5826,57.5477],[15.5717,57.5481],[15.5683,57.5476],[15.5617,57.5485],[15.5547,57.5526],[15.5486,57.5538],[15.544,57.5534],[15.5259,57.5598],[15.5138,57.5619],[15.5088,57.559],[15.4949,57.5573],[15.4932,57.5558],[15.4946,57.5546],[15.4951,57.5508],[15.4916,57.5508],[15.4918,57.5493],[15.4945,57.5472],[15.5012,57.5461],[15.5058,57.543],[15.5076,57.5428],[15.5077,57.5413],[15.5118,57.5374],[15.5099,57.5352],[15.5117,57.5336],[15.5052,57.5316],[15.5072,57.5298],[15.5049,57.5298],[15.5025,57.5285],[15.5028,57.5258],[15.4938,57.5301],[15.4937,57.5324],[15.4888,57.5325],[15.4768,57.5383],[15.4687,57.535],[15.4627,57.5314],[15.4564,57.5268],[15.4512,57.5244],[15.4442,57.5188],[15.4454,57.5179],[15.4475,57.5177],[15.4471,57.5136],[15.4509,57.5077],[15.4475,57.5074],[15.4454,57.5086],[15.4369,57.5092],[15.4231,57.5119],[15.4172,57.5111],[15.4157,57.5116],[15.4109,57.511],[15.4087,57.5117],[15.4035,57.5114],[15.4035,57.5059],[15.3954,57.5049],[15.3904,57.505],[15.3857,57.5081],[15.3826,57.507],[15.3811,57.5076],[15.3792,57.5067],[15.38,57.5057],[15.3657,57.4984],[15.3649,57.4971],[15.367,57.4962],[15.3653,57.4931],[15.3519,57.4998],[15.3382,57.5032],[15.3309,57.5082],[15.3209,57.5095],[15.31,57.515],[15.3082,57.5147],[15.3032,57.5157],[15.2977,57.5143],[15.2863,57.5135],[15.2712,57.5081],[15.2645,57.5115],[15.2581,57.5115],[15.254,57.5134],[15.2522,57.5168],[15.2495,57.5184],[15.2461,57.5181],[15.2429,57.5166],[15.2306,57.5214],[15.2276,57.5214],[15.226,57.5242],[15.2301,57.5272],[15.2266,57.5324]],[[14.9899,57.5353],[14.9911,57.5346],[14.9912,57.5352],[14.9899,57.5353]]]]}},{"type":"Feature","properties":{"descriptio":"","name":"","namn":"Strängnäs stift","skpkod":"04"},"geometry":{"type":"Polygon","coordinates":[[[17.9216,59.1202],[17.9261,59.1207],[17.9286,59.1198],[17.9269,59.1177],[17.9278,59.1167],[17.9346,59.1156],[17.9396,59.1167],[17.9439,59.1213],[17.9529,59.12],[17.9627,59.1172],[17.9707,59.1064],[17.9874,59.0967],[17.9826,59.0932],[17.9789,59.0924],[17.9795,59.091],[17.9716,59.0854],[17.9606,59.0843],[17.9494,59.0611],[17.9567,59.0601],[17.9548,59.0506],[17.958,59.0501],[17.9764,59.0525],[17.9781,59.0471],[17.9969,59.0478],[18.0031,59.0432],[18.0046,59.0393],[18.0043,59.0357],[18.0128,59.0242],[18.0196,59.0221],[18.0217,59.0188],[18.0334,59.0099],[18.0356,59.0043],[18.0422,59.0033],[18.0485,58.9982],[18.0544,58.9958],[18.0476,58.986],[18.053,58.9838],[18.054,58.9823],[18.054,58.975],[18.0476,58.9688],[18.0447,58.9605],[18.0417,58.9578],[18.0424,58.9537],[18.0612,58.9461],[18.0743,58.9468],[18.0769,58.9434],[18.075,58.9319],[18.0775,58.9232],[18.0275,58.8822],[18.0014,58.8643],[17.9933,58.8437],[18.1119,58.769],[18.3649,58.6185],[18.2527,58.5732],[18.2242,58.5624],[18.1983,58.5511],[18.1706,58.5409],[18.1411,58.532],[18.1104,58.5246],[18.0786,58.5186],[17.5667,58.3979],[17.149,58.5033],[17.1465,58.5327],[17.1309,58.5501],[17.0698,58.5907],[17.0164,58.5901],[16.9724,58.581],[16.9425,58.5845],[16.9189,58.5959],[16.8901,58.601],[16.8274,58.5943],[16.7923,58.609],[16.7877,58.6117],[16.7499,58.6271],[16.7502,58.6296],[16.7489,58.6302],[16.7516,58.6308],[16.7584,58.6302],[16.7337,58.6438],[16.7264,58.6492],[16.7231,58.6479],[16.7244,58.6508],[16.71,58.6599],[16.7091,58.665],[16.7031,58.6681],[16.7018,58.67],[16.6965,58.6715],[16.6898,58.6756],[16.6488,58.6819],[16.6457,58.6812],[16.6462,58.6794],[16.6426,58.6763],[16.6392,58.6755],[16.6345,58.6821],[16.6371,58.6836],[16.6371,58.685],[16.6339,58.686],[16.6346,58.6856],[16.6328,58.6851],[16.6298,58.6865],[16.6283,58.6899],[16.6213,58.691],[16.6206,58.6901],[16.618,58.6901],[16.618,58.6909],[16.6074,58.6941],[16.5845,58.6979],[16.559,58.6975],[16.5576,58.6968],[16.5415,58.7009],[16.5106,58.6978],[16.475,58.6963],[16.4662,58.6975],[16.4634,58.6987],[16.4611,58.6979],[16.4522,58.6983],[16.427,58.6972],[16.427,58.6983],[16.4177,58.703],[16.4061,58.7039],[16.3992,58.7019],[16.3966,58.7027],[16.3858,58.7036],[16.3838,58.7056],[16.3772,58.7081],[16.3723,58.7271],[16.3779,58.7273],[16.3765,58.7299],[16.3724,58.7312],[16.3733,58.7335],[16.3706,58.7343],[16.3745,58.74],[16.3699,58.7413],[16.3687,58.753],[16.3477,58.7662],[16.3461,58.7654],[16.3433,58.7658],[16.3433,58.7678],[16.3384,58.7703],[16.3382,58.7721],[16.3274,58.7796],[16.3222,58.7756],[16.315,58.7732],[16.3072,58.772],[16.3046,58.7683],[16.3022,58.7715],[16.2952,58.7761],[16.3086,58.7855],[16.3064,58.7867],[16.3075,58.7867],[16.3103,58.7915],[16.3048,58.7951],[16.302,58.7957],[16.3009,58.7953],[16.2978,58.7965],[16.2963,58.7983],[16.2893,58.8007],[16.2636,58.8322],[16.2198,58.8384],[16.2159,58.8379],[16.2124,58.8336],[16.2106,58.8349],[16.2014,58.8361],[16.1989,58.8372],[16.1974,58.8397],[16.1956,58.8389],[16.1914,58.8391],[16.1924,58.8433],[16.1915,58.8463],[16.1854,58.8499],[16.1857,58.8513],[16.1822,58.854],[16.1788,58.8549],[16.1822,58.8569],[16.1803,58.8585],[16.1727,58.8618],[16.1661,58.8633],[16.1518,58.8697],[16.1442,58.875],[16.1322,58.8777],[16.1239,58.8813],[16.1194,58.8815],[16.1186,58.8819],[16.1197,58.8825],[16.1178,58.8838],[16.1121,58.8854],[16.1022,58.8858],[16.1026,58.8916],[16.1003,58.894],[16.0991,58.8993],[16.0918,58.9016],[16.0877,58.904],[16.0944,58.9038],[16.0938,58.9057],[16.0889,58.9083],[16.0889,58.9106],[16.0908,58.9121],[16.0851,58.9141],[16.083,58.9159],[16.0813,58.9174],[16.0822,58.9195],[16.0657,58.9229],[16.0538,58.9274],[16.0358,58.928],[15.9961,58.9367],[15.9502,58.9534],[15.9381,58.9564],[15.9298,58.9608],[15.9115,58.9624],[15.8966,58.9738],[15.8888,58.9777],[15.8824,58.9791],[15.8834,58.9875],[15.8786,58.9903],[15.8755,58.9893],[15.8655,58.9907],[15.8721,58.9995],[15.8429,59.0149],[15.8154,59.0187],[15.8073,59.0125],[15.8069,59.0027],[15.7968,58.9953],[15.7923,58.9904],[15.7822,58.9848],[15.7801,58.9756],[15.7804,58.9692],[15.7785,58.9676],[15.7728,58.9664],[15.774,58.9655],[15.7697,58.9655],[15.7668,58.9665],[15.7643,58.9642],[15.7618,58.9637],[15.7644,58.9565],[15.7413,58.9511],[15.7427,58.9565],[15.7363,58.9663],[15.7331,58.9738],[15.7257,58.9801],[15.7258,58.9817],[15.728,58.9836],[15.7207,58.9896],[15.7123,58.9874],[15.7052,58.9866],[15.705,58.9852],[15.7032,58.9848],[15.691,58.9867],[15.6878,58.9882],[15.6872,58.9894],[15.6875,58.9809],[15.6819,58.9753],[15.6777,58.9742],[15.6578,58.975],[15.6416,58.9739],[15.6376,58.9761],[15.633,58.9813],[15.6291,58.9832],[15.6031,58.9683],[15.5911,58.9596],[15.5814,58.9597],[15.5551,58.9565],[15.5584,58.941],[15.5718,58.9273],[15.5835,58.9191],[15.5932,58.9093],[15.5923,58.9077],[15.594,58.9056],[15.586,58.8965],[15.578,58.895],[15.5633,58.8941],[15.554,58.8705],[15.5452,58.8719],[15.5426,58.8714],[15.5387,58.8693],[15.537,58.8666],[15.5307,58.8646],[15.508,58.8639],[15.4919,58.8659],[15.4753,58.8625],[15.4692,58.8636],[15.4407,58.8642],[15.446,58.8535],[15.4442,58.8533],[15.4436,58.852],[15.4522,58.8372],[15.4513,58.8325],[15.4539,58.8255],[15.454,58.8211],[15.4309,58.8232],[15.4243,58.822],[15.425,58.8182],[15.4294,58.8146],[15.4136,58.8069],[15.4145,58.8144],[15.4125,58.8192],[15.4144,58.8206],[15.411,58.8248],[15.4114,58.8258],[15.4065,58.8283],[15.4107,58.8328],[15.405,58.8375],[15.4029,58.842],[15.3814,58.8469],[15.3476,58.8292],[15.3398,58.8353],[15.3264,58.8503],[15.3253,58.8593],[15.3067,58.8546],[15.304,58.8527],[15.3002,58.852],[15.2952,58.8498],[15.2891,58.852],[15.2879,58.8553],[15.2754,58.8632],[15.2628,58.8651],[15.2569,58.8585],[15.2562,58.8498],[15.2541,58.8479],[15.2497,58.8481],[15.25,58.8488],[15.247,58.8479],[15.2454,58.8458],[15.2406,58.8431],[15.2406,58.8415],[15.2425,58.8415],[15.2422,58.8432],[15.2445,58.8445],[15.2468,58.8417],[15.247,58.8383],[15.2431,58.8406],[15.2425,58.8399],[15.2406,58.8404],[15.2407,58.8413],[15.219,58.8427],[15.2216,58.8353],[15.221,58.8315],[15.2181,58.8273],[15.2038,58.8169],[15.1983,58.8147],[15.188,58.8128],[15.1674,58.8107],[15.1381,58.8207],[15.1348,58.8122],[15.1356,58.8111],[15.1279,58.7964],[15.122,58.7937],[15.1191,58.7908],[15.1227,58.789],[15.1229,58.7897],[15.1321,58.7889],[15.1325,58.787],[15.1249,58.7864],[15.1233,58.7833],[15.1218,58.7835],[15.121,58.7805],[15.1196,58.7808],[15.1168,58.7764],[15.1152,58.7702],[15.1087,58.7708],[15.1068,58.7678],[15.0964,58.7689],[15.0947,58.768],[15.0947,58.7663],[15.098,58.7658],[15.0931,58.7619],[15.0884,58.7665],[15.0837,58.7668],[15.0669,58.7544],[15.0646,58.749],[15.0537,58.7382],[15.0488,58.7245],[15.0492,58.7222],[15.0345,58.7043],[15.029,58.7053],[15.0191,58.7045],[15.0116,58.7056],[15.0039,58.6957],[15.0016,58.6965],[14.9955,58.6944],[14.9924,58.6919],[14.9752,58.6871],[14.9725,58.6854],[14.9725,58.6834],[14.9695,58.6833],[14.9638,58.6895],[14.9555,58.6929],[14.9362,58.6948],[14.9334,58.6964],[14.9292,58.6968],[14.8066,58.6651],[14.7788,58.6462],[14.7078,58.6923],[14.7052,58.6926],[14.7027,58.6942],[14.7035,58.6963],[14.6989,58.6966],[14.6981,58.699],[14.6993,58.7007],[14.6974,58.7043],[14.6959,58.7047],[14.6917,58.7109],[14.6892,58.7126],[14.6922,58.7149],[14.6897,58.7166],[14.6905,58.7181],[14.6957,58.7211],[14.6925,58.7263],[14.6913,58.7401],[14.6216,58.7373],[14.6264,58.6943],[14.6148,58.6935],[14.6115,58.6921],[14.6119,58.6909],[14.5782,58.6821],[14.5615,58.6812],[14.5537,58.6802],[14.5514,58.6792],[14.5476,58.6794],[14.5436,58.6785],[14.5407,58.6769],[14.5368,58.6777],[14.546,58.6884],[14.5554,58.7053],[14.5529,58.71],[14.5495,58.7115],[14.5504,58.7129],[14.546,58.7187],[14.534,58.7127],[14.531,58.7157],[14.5331,58.7161],[14.5322,58.7183],[14.5272,58.7235],[14.5207,58.7223],[14.5203,58.7234],[14.5178,58.7231],[14.5164,58.7237],[14.5148,58.7216],[14.5115,58.72],[14.5147,58.719],[14.5115,58.7172],[14.51,58.7175],[14.5097,58.7167],[14.5071,58.7162],[14.5052,58.7147],[14.5056,58.7136],[14.4926,58.7118],[14.4768,58.7134],[14.4701,58.7215],[14.4754,58.7365],[14.4705,58.781],[14.4379,58.7936],[14.4214,58.7947],[14.3888,58.8262],[14.3863,58.8301],[14.3825,58.8298],[14.3896,58.8458],[14.3787,58.8434],[14.3778,58.8441],[14.3695,58.8438],[14.3661,58.8443],[14.3699,58.8483],[14.36,58.8501],[14.3599,58.853],[14.3672,58.8556],[14.3664,58.8562],[14.365,58.8558],[14.3641,58.8575],[14.3737,58.8594],[14.3788,58.8658],[14.3842,58.8676],[14.3853,58.8657],[14.3843,58.8649],[14.3893,58.8614],[14.3936,58.8614],[14.399,58.8643],[14.3963,58.8647],[14.3968,58.8679],[14.3934,58.8682],[14.3909,58.8713],[14.3895,58.8713],[14.3891,58.8725],[14.3867,58.8737],[14.3847,58.8778],[14.3855,58.8788],[14.3938,58.8793],[14.3957,58.882],[14.3952,58.8834],[14.3851,58.8847],[14.3815,58.8832],[14.3739,58.8833],[14.3725,58.8849],[14.3723,58.8881],[14.3688,58.8884],[14.3645,58.8916],[14.3665,58.8949],[14.3646,58.8944],[14.3589,58.895],[14.3589,58.8969],[14.3612,58.8968],[14.3614,58.8981],[14.357,58.8998],[14.3545,58.8985],[14.3442,58.8968],[14.3374,58.8964],[14.3368,58.8994],[14.3335,58.9013],[14.3306,58.9013],[14.3298,58.903],[14.3239,58.9037],[14.3241,58.9051],[14.322,58.9058],[14.3244,58.9062],[14.3251,58.9116],[14.3223,58.9158],[14.3204,58.9164],[14.3231,58.9195],[14.3214,58.92],[14.3236,58.9217],[14.3166,58.9282],[14.2852,58.9483],[14.2918,58.9822],[14.3646,58.9943],[14.3664,58.9951],[14.3664,58.9981],[14.3698,59.0007],[14.3677,59.0042],[14.3903,59.006],[14.3906,59.0067],[14.3939,59.0071],[14.3978,59.0059],[14.4021,59.0065],[14.4039,59.0095],[14.4072,59.0099],[14.4076,59.0086],[14.4128,59.0092],[14.4389,59.0093],[14.4389,59.0133],[14.4472,59.0154],[14.4513,59.0134],[14.4503,59.0093],[14.4647,59.0093],[14.4919,59.0041],[14.4646,59.0285],[14.4528,59.0283],[14.4514,59.0298],[14.4519,59.0346],[14.4568,59.0355],[14.4509,59.0409],[14.4555,59.0436],[14.4556,59.045],[14.4591,59.0461],[14.4571,59.0512],[14.4587,59.0523],[14.4605,59.0522],[14.4635,59.0543],[14.4679,59.0604],[14.4723,59.0598],[14.4703,59.0646],[14.4848,59.0863],[14.5048,59.0893],[14.5045,59.0931],[14.509,59.0935],[14.5119,59.0903],[14.5448,59.0952],[14.5462,59.097],[14.5532,59.0964],[14.5703,59.0986],[14.5703,59.0994],[14.5763,59.1005],[14.5735,59.1023],[14.5722,59.1145],[14.5905,59.1149],[14.5933,59.1213],[14.5756,59.1213],[14.5804,59.1246],[14.5861,59.1259],[14.5847,59.1271],[14.5866,59.1295],[14.586,59.1325],[14.5872,59.1356],[14.5863,59.1366],[14.5811,59.1371],[14.5807,59.1406],[14.5781,59.1407],[14.5788,59.1447],[14.5681,59.1466],[14.5652,59.1591],[14.5621,59.1597],[14.5583,59.1658],[14.5639,59.1666],[14.561,59.197],[14.56,59.1978],[14.5562,59.2275],[14.5978,59.2298],[14.6246,59.2558],[14.6435,59.2606],[14.6691,59.2417],[14.6829,59.2381],[14.7097,59.2326],[14.7108,59.2573],[14.7233,59.2612],[14.7256,59.2576],[14.7663,59.2592],[14.7604,59.2726],[14.7629,59.2811],[14.765,59.2795],[14.7731,59.279],[14.7751,59.2815],[14.7711,59.285],[14.7691,59.2912],[14.7632,59.2993],[14.7638,59.3024],[14.7549,59.3085],[14.7484,59.3153],[14.7538,59.318],[14.7551,59.3207],[14.7566,59.3206],[14.7584,59.3187],[14.7589,59.3208],[14.7617,59.3209],[14.7648,59.3199],[14.7679,59.3171],[14.7695,59.3173],[14.7691,59.3167],[14.7714,59.3168],[14.7701,59.3187],[14.7719,59.3228],[14.7755,59.3233],[14.7772,59.326],[14.781,59.325],[14.7826,59.3275],[14.7877,59.3271],[14.7846,59.3304],[14.785,59.3324],[14.79,59.3326],[14.7876,59.3344],[14.7874,59.337],[14.7809,59.3435],[14.7825,59.3499],[14.7775,59.3538],[14.7718,59.3536],[14.7641,59.3641],[14.763,59.3765],[14.7614,59.3797],[14.7629,59.3802],[14.7606,59.3848],[14.7649,59.3861],[14.791,59.387],[14.8098,59.3813],[14.8324,59.3728],[14.8956,59.3765],[14.9158,59.3812],[14.9314,59.3832],[14.9393,59.3988],[14.9494,59.4071],[14.9605,59.4143],[14.9695,59.4142],[14.9791,59.412],[14.9792,59.4129],[14.9742,59.4162],[14.9893,59.4217],[14.9989,59.4223],[14.9975,59.4244],[14.9985,59.4289],[14.9962,59.4348],[14.9995,59.4516],[14.9942,59.4525],[15.0001,59.4583],[15.0037,59.4645],[15.0237,59.4683],[15.0411,59.473],[15.0494,59.4721],[15.06,59.4696],[15.0658,59.4693],[15.0661,59.4663],[15.0734,59.4535],[15.073,59.4462],[15.069,59.4325],[15.0726,59.4337],[15.0755,59.4337],[15.0887,59.4316],[15.1081,59.4348],[15.1097,59.4376],[15.1078,59.4394],[15.1086,59.4404],[15.1137,59.442],[15.1279,59.4445],[15.1352,59.445],[15.1397,59.4451],[15.1431,59.4438],[15.1453,59.4458],[15.151,59.4464],[15.1485,59.4492],[15.1503,59.4532],[15.1486,59.4544],[15.1492,59.456],[15.1475,59.4564],[15.145,59.4592],[15.1491,59.4626],[15.1449,59.4623],[15.1448,59.4664],[15.1421,59.4676],[15.1469,59.4699],[15.144,59.4723],[15.1446,59.4733],[15.1476,59.4737],[15.1449,59.4761],[15.149,59.4812],[15.1476,59.4826],[15.1497,59.4841],[15.1488,59.4858],[15.1508,59.4869],[15.1473,59.4895],[15.1481,59.4901],[15.1495,59.4891],[15.1517,59.4934],[15.1511,59.4944],[15.1484,59.495],[15.1502,59.4991],[15.1493,59.5008],[15.1521,59.5019],[15.1467,59.505],[15.1485,59.5064],[15.1483,59.5082],[15.1501,59.5092],[15.1532,59.5076],[15.159,59.5066],[15.1603,59.5075],[15.1649,59.5083],[15.1637,59.5108],[15.1685,59.5107],[15.1751,59.5142],[15.1754,59.5167],[15.1766,59.5173],[15.184,59.5196],[15.1959,59.5218],[15.2008,59.5237],[15.2145,59.515],[15.2217,59.5156],[15.2221,59.5193],[15.2302,59.5205],[15.2291,59.5181],[15.2315,59.508],[15.2754,59.5054],[15.2788,59.5016],[15.2761,59.4918],[15.2728,59.4853],[15.2799,59.4457],[15.2809,59.4455],[15.2914,59.4486],[15.295,59.4466],[15.2988,59.4494],[15.3011,59.4499],[15.3049,59.4462],[15.319,59.4381],[15.3179,59.4351],[15.3193,59.4328],[15.3638,59.4284],[15.3929,59.4312],[15.4065,59.4237],[15.4199,59.4215],[15.4264,59.4248],[15.4346,59.4253],[15.4381,59.4269],[15.443,59.4268],[15.4492,59.4279],[15.4528,59.4267],[15.4596,59.4263],[15.4577,59.4306],[15.4602,59.4312],[15.4635,59.4297],[15.4638,59.431],[15.4615,59.4327],[15.4636,59.4336],[15.4729,59.432],[15.4751,59.4292],[15.4816,59.426],[15.4864,59.4208],[15.4963,59.4184],[15.5015,59.4187],[15.516,59.4063],[15.5012,59.4038],[15.4737,59.3978],[15.476,59.3891],[15.489,59.3891],[15.4989,59.3867],[15.5184,59.3852],[15.5378,59.3756],[15.5589,59.3731],[15.5611,59.3739],[15.564,59.3723],[15.5649,59.3692],[15.5669,59.3695],[15.5682,59.3683],[15.5829,59.3697],[15.5948,59.3739],[15.5994,59.3732],[15.6041,59.3702],[15.5996,59.3684],[15.6,59.3668],[15.6001,59.3673],[15.6126,59.3633],[15.6131,59.3598],[15.616,59.358],[15.6192,59.3526],[15.6165,59.3485],[15.6145,59.3477],[15.6353,59.334],[15.6348,59.3221],[15.631,59.3202],[15.6318,59.3166],[15.6077,59.2887],[15.6526,59.277],[15.6917,59.2705],[15.7265,59.2234],[15.7982,59.2305],[15.762,59.1979],[15.8927,59.2305],[15.8668,59.2797],[15.8651,59.2862],[15.8679,59.2901],[15.87,59.2861],[15.8678,59.2846],[15.8699,59.2846],[15.8732,59.282],[15.8681,59.2805],[15.8716,59.2783],[15.8771,59.2802],[15.8783,59.2837],[15.8765,59.2892],[15.8796,59.29],[15.8788,59.292],[15.8766,59.2919],[15.8806,59.3031],[15.8858,59.3],[15.9025,59.2964],[15.9059,59.2985],[15.9122,59.3055],[15.9112,59.3156],[15.9176,59.3165],[15.9386,59.3225],[15.9425,59.3227],[15.9414,59.3268],[15.9388,59.33],[15.9383,59.3414],[15.9543,59.3494],[15.9653,59.3519],[15.9734,59.3521],[15.9792,59.3531],[15.9907,59.3567],[15.9968,59.3597],[16.0147,59.3639],[16.0192,59.3637],[16.02,59.3642],[16.0187,59.365],[16.0351,59.3693],[16.0466,59.3639],[16.0494,59.3642],[16.0623,59.3605],[16.0628,59.3595],[16.0592,59.3582],[16.0723,59.352],[16.1209,59.35],[16.1351,59.3478],[16.1417,59.3484],[16.1461,59.3471],[16.1526,59.3477],[16.1577,59.3462],[16.1598,59.3466],[16.1605,59.3477],[16.1653,59.3497],[16.1698,59.3503],[16.171,59.349],[16.1751,59.35],[16.1764,59.3525],[16.1852,59.352],[16.1957,59.3545],[16.202,59.3582],[16.2103,59.36],[16.2225,59.3612],[16.2356,59.36],[16.2665,59.362],[16.2705,59.3678],[16.2729,59.3763],[16.2736,59.3885],[16.2777,59.3893],[16.2802,59.3932],[16.2842,59.3948],[16.3067,59.3994],[16.2907,59.399],[16.2702,59.406],[16.2625,59.4094],[16.2586,59.4085],[16.2535,59.41],[16.2497,59.4095],[16.249,59.4119],[16.2451,59.4156],[16.2485,59.4222],[16.2475,59.4252],[16.2488,59.4402],[16.2543,59.4525],[16.2683,59.4523],[16.3005,59.4576],[16.3157,59.4525],[16.3227,59.4529],[16.3492,59.46],[16.3715,59.4673],[16.3861,59.4667],[16.4021,59.4601],[16.4107,59.4598],[16.636,59.4841],[16.649,59.4858],[16.6656,59.4923],[16.7024,59.4877],[16.7114,59.4881],[16.7214,59.4898],[16.7569,59.502],[16.8338,59.4984],[16.883,59.4812],[16.8845,59.48],[16.9063,59.4796],[16.9157,59.4832],[16.9352,59.4851],[16.9506,59.494],[16.9659,59.5204],[16.9858,59.5177],[16.9961,59.5127],[17.0302,59.5084],[17.0378,59.5113],[17.0416,59.5144],[17.046,59.5163],[17.064,59.511],[17.0786,59.5234],[17.0839,59.5307],[17.1178,59.5263],[17.1301,59.5198],[17.1415,59.5162],[17.1438,59.5121],[17.1501,59.5078],[17.1531,59.5002],[17.1524,59.4968],[17.1551,59.49],[17.159,59.4853],[17.1822,59.4791],[17.2078,59.4626],[17.2907,59.4462],[17.3032,59.442],[17.3112,59.4377],[17.3364,59.4413],[17.3539,59.4378],[17.3567,59.4342],[17.365,59.4166],[17.3891,59.4141],[17.3834,59.3969],[17.4151,59.3835],[17.4109,59.3662],[17.4379,59.3395],[17.4633,59.3383],[17.4692,59.3302],[17.4692,59.3265],[17.4731,59.3239],[17.468,59.3077],[17.4757,59.3047],[17.4981,59.3051],[17.5155,59.2953],[17.5601,59.2928],[17.5683,59.2918],[17.5976,59.2981],[17.6257,59.2861],[17.6381,59.283],[17.668,59.2736],[17.6755,59.2738],[17.6961,59.2717],[17.7219,59.265],[17.7272,59.2644],[17.7312,59.2662],[17.7357,59.25],[17.7427,59.2489],[17.7466,59.2473],[17.7469,59.2454],[17.749,59.2438],[17.7571,59.2407],[17.763,59.2412],[17.7726,59.2393],[17.7716,59.2376],[17.7736,59.2354],[17.7723,59.234],[17.7729,59.2314],[17.772,59.2288],[17.7695,59.2266],[17.7841,59.2205],[17.7893,59.2113],[17.7928,59.1985],[17.7985,59.1947],[17.8022,59.1971],[17.811,59.1925],[17.8078,59.1843],[17.8056,59.1825],[17.8089,59.1817],[17.8102,59.1785],[17.8241,59.1741],[17.8465,59.1728],[17.8617,59.1735],[17.8687,59.1749],[17.8741,59.1616],[17.8892,59.1595],[17.8984,59.1596],[17.9105,59.1555],[17.9213,59.1482],[17.9248,59.1439],[17.9318,59.1425],[17.9142,59.1284],[17.9216,59.1202]],[[15.2732,59.4327],[15.2693,59.431],[15.2707,59.4303],[15.2732,59.4327]]]}},{"type":"Feature","properties":{"descriptio":"","name":"","namn":"Karlstads stift","skpkod":"09"},"geometry":{"type":"Polygon","coordinates":[[[12.3669,58.3969],[12.3307,58.3959],[12.3042,58.3838],[12.2983,58.387],[12.2921,58.3881],[12.2899,58.3873],[12.2853,58.383],[12.2842,58.3849],[12.2827,58.3842],[12.2819,58.3848],[12.272,58.3833],[12.2508,58.3842],[12.2415,58.3799],[12.2365,58.3811],[12.2352,58.3848],[12.2186,58.3855],[12.2195,58.3861],[12.2168,58.3859],[12.2093,58.3882],[12.2081,58.3877],[12.2043,58.3881],[12.2034,58.3891],[12.2006,58.3888],[12.1995,58.39],[12.1941,58.3887],[12.1948,58.3877],[12.1898,58.3868],[12.1841,58.3887],[12.1645,58.3808],[12.1571,58.3826],[12.1548,58.3898],[12.1551,58.3967],[12.149,58.4029],[12.1468,58.4041],[12.138,58.4062],[12.1331,58.409],[12.1027,58.4179],[12.0909,58.4252],[12.0865,58.4291],[12.0789,58.433],[12.0747,58.4371],[12.0662,58.4419],[12.0609,58.4433],[12.0567,58.4437],[12.0509,58.4417],[12.0488,58.4428],[12.0392,58.4428],[12.036,58.4434],[12.0315,58.446],[12.0241,58.4449],[12.0246,58.4476],[11.984,58.451],[11.9762,58.4528],[11.9402,58.4428],[11.9377,58.4429],[11.9306,58.4451],[11.925,58.4429],[11.9253,58.4416],[11.923,58.4409],[11.9222,58.4391],[11.9144,58.435],[11.9054,58.4382],[11.9039,58.4351],[11.9016,58.4343],[11.8934,58.4326],[11.8852,58.4322],[11.8791,58.4359],[11.8834,58.438],[11.8829,58.4388],[11.8844,58.4392],[11.8881,58.4383],[11.8955,58.4427],[11.8975,58.4461],[11.8961,58.4486],[11.901,58.4502],[11.9018,58.4514],[11.8953,58.4577],[11.8951,58.4648],[11.8798,58.4654],[11.8752,58.4673],[11.8783,58.4691],[11.8802,58.4764],[11.8782,58.4775],[11.879,58.4808],[11.8865,58.4876],[11.8843,58.4881],[11.8847,58.4914],[11.874,58.4923],[11.8754,58.4947],[11.8754,58.4995],[11.8725,58.5016],[11.86,58.5072],[11.8772,58.5088],[11.8797,58.5076],[11.883,58.5075],[11.884,58.5108],[11.8818,58.5141],[11.8844,58.5157],[11.8843,58.5173],[11.8745,58.5199],[11.8688,58.518],[11.8613,58.5172],[11.8631,58.5244],[11.851,58.5285],[11.843,58.5326],[11.8441,58.5376],[11.8404,58.5397],[11.8435,58.5429],[11.8461,58.5528],[11.8548,58.5585],[11.8525,58.5727],[11.8492,58.5739],[11.8565,58.5788],[11.8557,58.581],[11.8585,58.5822],[11.8576,58.5864],[11.8559,58.5875],[11.8571,58.5903],[11.85,58.5918],[11.8476,58.5931],[11.844,58.6036],[11.859,58.6113],[11.8611,58.6157],[11.8684,58.6221],[11.8723,58.6236],[11.8772,58.6228],[11.8815,58.6242],[11.8833,58.6274],[11.8829,58.6299],[11.8883,58.6311],[11.8925,58.635],[11.9063,58.6401],[11.9062,58.6429],[11.9095,58.6448],[11.9114,58.6479],[11.9111,58.6553],[11.9133,58.6586],[11.907,58.665],[11.9069,58.6692],[11.9095,58.6718],[11.9154,58.6729],[11.9221,58.6759],[11.9194,58.6788],[11.9191,58.6829],[11.9166,58.6871],[11.9175,58.6885],[11.9139,58.6954],[11.9064,58.7004],[11.9063,58.7061],[11.8997,58.7106],[11.8888,58.7117],[11.8856,58.7106],[11.8849,58.7121],[11.8863,58.7123],[11.8851,58.7129],[11.8799,58.7128],[11.8792,58.7145],[11.8746,58.7151],[11.8703,58.7173],[11.8703,58.7183],[11.852,58.7227],[11.8448,58.7266],[11.844,58.7292],[11.8474,58.7425],[11.8414,58.754],[11.8211,58.749],[11.8198,58.7495],[11.8197,58.7516],[11.8166,58.7512],[11.8126,58.7535],[11.8098,58.7517],[11.8063,58.752],[11.8055,58.7513],[11.8032,58.7525],[11.803,58.7543],[11.8014,58.7537],[11.8001,58.7539],[11.8002,58.7548],[11.799,58.7544],[11.7978,58.7588],[11.7991,58.7586],[11.7981,58.7602],[11.8,58.7615],[11.798,58.7629],[11.7988,58.7634],[11.7968,58.7635],[11.7965,58.7645],[11.7952,58.7642],[11.7942,58.7651],[11.7954,58.7662],[11.7936,58.7694],[11.7949,58.7736],[11.7937,58.7781],[11.7946,58.7804],[11.7927,58.7882],[11.7912,58.7884],[11.7923,58.7942],[11.7917,58.795],[11.7871,58.7963],[11.7859,58.7994],[11.7818,58.8031],[11.782,58.8048],[11.7754,58.8102],[11.7561,58.819],[11.751,58.8168],[11.7356,58.8142],[11.7149,58.8147],[11.7144,58.816],[11.7193,58.8231],[11.7205,58.8273],[11.7114,58.8358],[11.7028,58.8413],[11.7035,58.8437],[11.7151,58.8494],[11.7129,58.851],[11.7109,58.8513],[11.7132,58.8548],[11.711,58.856],[11.7085,58.8556],[11.7092,58.8568],[11.7073,58.8576],[11.7096,58.8579],[11.7102,58.8587],[11.7065,58.8629],[11.7042,58.8617],[11.7019,58.8638],[11.7028,58.8655],[11.7016,58.8672],[11.7075,58.8695],[11.7009,58.8735],[11.6995,58.8756],[11.695,58.8761],[11.6891,58.8737],[11.6822,58.875],[11.6788,58.8806],[11.6702,58.8865],[11.6758,58.8902],[11.6773,58.8965],[11.6732,58.8987],[11.6689,58.8989],[11.6608,58.9065],[11.652,58.9062],[11.657,58.9223],[11.6568,58.9261],[11.659,58.9276],[11.6616,58.9274],[11.6582,58.9318],[11.6649,58.9349],[11.6759,58.9351],[11.6734,58.942],[11.6757,58.9431],[11.6766,58.9449],[11.6817,58.9471],[11.6816,58.9514],[11.6891,58.9568],[11.6866,58.9699],[11.6893,58.9724],[11.6853,58.973],[11.6844,58.9744],[11.6889,58.9771],[11.6905,58.9768],[11.6936,58.9778],[11.6929,58.9802],[11.6906,58.982],[11.6916,58.9823],[11.692,58.9851],[11.6896,58.9857],[11.689,58.9867],[11.6855,58.9876],[11.6843,58.9873],[11.6839,58.99],[11.6893,58.9912],[11.6917,58.9929],[11.6932,58.9946],[11.6923,58.9959],[11.6946,58.9963],[11.6927,58.9984],[11.6984,59.0006],[11.7054,59.0154],[11.7105,59.0337],[11.7217,59.0389],[11.724,59.042],[11.7284,59.0441],[11.7303,59.0469],[11.7381,59.0524],[11.7498,59.0682],[11.7702,59.083],[11.7717,59.0852],[11.7757,59.0869],[11.7766,59.0976],[11.7802,59.0982],[11.7809,59.0996],[11.7765,59.1023],[11.7745,59.1076],[11.7693,59.1113],[11.7681,59.1135],[11.7636,59.1145],[11.7694,59.1267],[11.778,59.136],[11.7761,59.1455],[11.7767,59.1655],[11.7747,59.1707],[11.7815,59.1929],[11.7839,59.1952],[11.782,59.201],[11.783,59.2066],[11.7845,59.2092],[11.796,59.2188],[11.8002,59.225],[11.8119,59.232],[11.827,59.2382],[11.8298,59.2416],[11.8256,59.2654],[11.8204,59.3049],[11.8215,59.3118],[11.8162,59.3447],[11.8084,59.3539],[11.7898,59.3711],[11.7921,59.3736],[11.7799,59.3865],[11.7741,59.4143],[11.7609,59.4286],[11.7599,59.4582],[11.7532,59.4794],[11.7469,59.4912],[11.7286,59.5112],[11.6911,59.5895],[11.698,59.6088],[11.7206,59.6255],[11.7789,59.643],[11.8557,59.6483],[11.8624,59.6527],[11.8703,59.6625],[11.8752,59.6725],[11.878,59.6828],[11.8892,59.6932],[11.9399,59.6946],[11.9427,59.6979],[11.9447,59.6982],[11.9459,59.7006],[11.9432,59.7007],[11.9389,59.6996],[11.937,59.7005],[11.938,59.7052],[11.9367,59.7068],[11.9378,59.7079],[11.9361,59.7098],[11.9336,59.7105],[11.9363,59.7131],[11.9361,59.7266],[11.9377,59.7284],[11.9326,59.7302],[11.9339,59.7315],[11.9324,59.7338],[11.9336,59.7351],[11.9322,59.7363],[11.9335,59.7387],[11.9254,59.7457],[11.923,59.7499],[11.9254,59.7533],[11.932,59.7569],[11.9337,59.7602],[11.9291,59.7623],[11.9323,59.7635],[11.9328,59.7675],[11.9317,59.7683],[11.9322,59.7701],[11.9306,59.7705],[11.9312,59.7744],[11.9258,59.7857],[11.927,59.7906],[11.926,59.794],[11.91,59.8015],[11.9058,59.8068],[11.9041,59.8116],[11.8947,59.8158],[11.8896,59.8215],[11.8844,59.825],[11.8752,59.8288],[11.8699,59.8285],[11.8621,59.83],[11.8582,59.8296],[11.8533,59.8302],[11.8413,59.8385],[11.8397,59.8408],[11.8406,59.8419],[11.8494,59.8442],[11.8538,59.8446],[11.8577,59.8465],[11.8639,59.8478],[11.8848,59.856],[11.8884,59.8592],[11.883,59.8632],[11.8814,59.8671],[11.8844,59.8716],[11.8913,59.8724],[11.8967,59.871],[11.9005,59.8721],[11.9088,59.8725],[11.9127,59.872],[11.9179,59.8731],[11.9223,59.8752],[11.9214,59.8809],[11.927,59.8848],[11.9344,59.8868],[11.9417,59.89],[11.9852,59.9007],[11.9865,59.8991],[12.0334,59.8889],[12.0535,59.8859],[12.1261,59.8939],[12.1553,59.8867],[12.1743,59.8898],[12.231,59.9276],[12.3411,59.9657],[12.3957,60.0156],[12.4248,60.0265],[12.4486,60.0392],[12.4805,60.073],[12.5006,60.0991],[12.5419,60.1934],[12.525,60.2236],[12.5044,60.2812],[12.4988,60.3237],[12.5453,60.3473],[12.6061,60.4059],[12.6069,60.5127],[12.5819,60.5509],[12.5158,60.6002],[12.511,60.6425],[12.4611,60.6852],[12.3954,60.7339],[12.3494,60.8179],[12.3345,60.8524],[12.3328,60.8902],[12.224,61.0131],[12.2425,61.02],[12.2948,61.0272],[12.4476,61.0507],[12.4876,61.0516],[12.598,61.047],[12.6001,61.0465],[12.6103,61.0465],[12.6576,61.0527],[12.6702,61.056],[12.6987,60.9981],[12.9614,60.8625],[13.0816,60.8058],[13.1598,60.755],[13.1974,60.6984],[13.1963,60.6971],[13.1993,60.6955],[13.2003,60.6917],[13.1993,60.6902],[13.2008,60.6884],[13.1989,60.6866],[13.1943,60.6848],[13.2487,60.6861],[13.2758,60.6444],[13.3241,60.6083],[13.3272,60.6071],[13.3275,60.6047],[13.3314,60.6002],[13.4282,60.517],[13.4681,60.4594],[13.5423,60.4225],[13.6217,60.4144],[13.6708,60.4034],[13.728,60.3557],[13.7927,60.2848],[13.828,60.2548],[13.9655,60.1752],[14.0119,60.1911],[13.9931,60.2139],[13.9888,60.2177],[13.9848,60.2189],[13.9844,60.2211],[13.9785,60.2272],[13.9745,60.2305],[13.9712,60.2317],[13.9601,60.2435],[13.9511,60.251],[13.991,60.2515],[13.9912,60.2484],[14.0229,60.2424],[14.0237,60.2288],[14.1492,60.2307],[14.1519,60.2278],[14.152,60.2255],[14.1573,60.2174],[14.1576,60.2072],[14.1629,60.2038],[14.1668,60.1974],[14.1726,60.1936],[14.1737,60.191],[14.1868,60.1815],[14.1894,60.177],[14.187,60.1747],[14.189,60.1686],[14.1918,60.165],[14.1969,60.1633],[14.1976,60.1586],[14.1946,60.1518],[14.1958,60.15],[14.1978,60.1494],[14.1975,60.1443],[14.2025,60.1418],[14.2016,60.141],[14.1978,60.1409],[14.1992,60.1375],[14.2001,60.1368],[14.2032,60.1368],[14.203,60.1335],[14.2065,60.1332],[14.2031,60.1309],[14.2091,60.1261],[14.2079,60.1214],[14.2055,60.1228],[14.2042,60.1219],[14.2113,60.1103],[14.2104,60.0992],[14.2127,60.0957],[14.3084,60.0641],[14.309,60.0624],[14.3117,60.0624],[14.3117,60.063],[14.437,60.0257],[14.4566,59.973],[14.3323,59.9524],[14.3318,59.9517],[14.3355,59.9493],[14.335,59.9469],[14.3421,59.9432],[14.3392,59.9416],[14.3405,59.94],[14.3434,59.9405],[14.3461,59.9399],[14.3475,59.941],[14.3475,59.9374],[14.35,59.934],[14.352,59.9342],[14.3518,59.936],[14.355,59.9366],[14.3601,59.9336],[14.3613,59.9256],[14.3569,59.92],[14.3607,59.9185],[14.3664,59.912],[14.3763,59.9087],[14.3873,59.9079],[14.3906,59.9085],[14.3911,59.9101],[14.3945,59.9126],[14.3992,59.9128],[14.4084,59.909],[14.4121,59.906],[14.4209,59.9043],[14.423,59.9013],[14.4193,59.8983],[14.4197,59.8965],[14.4191,59.8957],[14.417,59.8956],[14.4164,59.8934],[14.4122,59.8922],[14.4125,59.8913],[14.4158,59.8905],[14.4211,59.8853],[14.4191,59.8836],[14.4203,59.8818],[14.4209,59.8439],[14.4149,59.8218],[14.4163,59.8139],[14.4206,59.8066],[14.4347,59.7709],[14.4047,59.7564],[14.4017,59.7434],[14.4001,59.743],[14.4,59.7421],[14.4016,59.7409],[14.4039,59.7351],[14.4076,59.7311],[14.4089,59.7224],[14.421,59.7015],[14.435,59.684],[14.4278,59.6703],[14.4292,59.6647],[14.4252,59.6648],[14.4267,59.6621],[14.4302,59.6602],[14.4372,59.6368],[14.44,59.6344],[14.4613,59.5981],[14.4758,59.5291],[14.5014,59.5247],[14.527,59.5145],[14.5586,59.5096],[14.5598,59.5049],[14.5935,59.4994],[14.6311,59.4943],[14.6564,59.4724],[14.668,59.4719],[14.6707,59.4769],[14.6719,59.4771],[14.6708,59.4745],[14.6721,59.4726],[14.6708,59.4722],[14.6704,59.4705],[14.6712,59.469],[14.6738,59.4677],[14.6769,59.4675],[14.6773,59.4696],[14.6801,59.4708],[14.6818,59.4703],[14.6849,59.4713],[14.6889,59.4712],[14.6941,59.4721],[14.6962,59.4733],[14.6964,59.4744],[14.6951,59.4745],[14.696,59.4754],[14.6979,59.4753],[14.7004,59.4769],[14.7012,59.4763],[14.7025,59.4768],[14.7029,59.4761],[14.7052,59.4767],[14.7096,59.4761],[14.7149,59.4709],[14.7185,59.4648],[14.721,59.4634],[14.7225,59.4571],[14.7106,59.4382],[14.7024,59.4332],[14.7017,59.4309],[14.6887,59.4208],[14.6816,59.4208],[14.6809,59.4199],[14.7314,59.3764],[14.7342,59.3772],[14.7332,59.3748],[14.7697,59.3577],[14.7718,59.3536],[14.7775,59.3538],[14.7825,59.3499],[14.7809,59.3435],[14.7874,59.337],[14.7876,59.3344],[14.79,59.3326],[14.785,59.3324],[14.7846,59.3304],[14.7877,59.3271],[14.7826,59.3275],[14.781,59.325],[14.7772,59.326],[14.7755,59.3233],[14.7719,59.3228],[14.7701,59.3187],[14.7714,59.3168],[14.7691,59.3167],[14.7695,59.3173],[14.7679,59.3171],[14.7648,59.3199],[14.7617,59.3209],[14.7589,59.3208],[14.7584,59.3187],[14.7566,59.3206],[14.7551,59.3207],[14.7538,59.318],[14.7484,59.3153],[14.7549,59.3085],[14.7638,59.3024],[14.7632,59.2993],[14.7691,59.2912],[14.7711,59.285],[14.7751,59.2815],[14.7731,59.279],[14.765,59.2795],[14.7629,59.2811],[14.7604,59.2726],[14.7663,59.2592],[14.7256,59.2576],[14.7233,59.2612],[14.7108,59.2573],[14.7097,59.2326],[14.6829,59.2381],[14.6691,59.2417],[14.6435,59.2606],[14.6246,59.2558],[14.5978,59.2298],[14.5562,59.2275],[14.56,59.1978],[14.561,59.197],[14.5639,59.1666],[14.5583,59.1658],[14.5621,59.1597],[14.5652,59.1591],[14.5681,59.1466],[14.5788,59.1447],[14.5781,59.1407],[14.5807,59.1406],[14.5811,59.1371],[14.5863,59.1366],[14.5872,59.1356],[14.586,59.1325],[14.5866,59.1295],[14.5847,59.1271],[14.5861,59.1259],[14.5804,59.1246],[14.5756,59.1213],[14.5933,59.1213],[14.5905,59.1149],[14.5722,59.1145],[14.5735,59.1023],[14.5763,59.1005],[14.5703,59.0994],[14.5703,59.0986],[14.5532,59.0964],[14.5462,59.097],[14.5448,59.0952],[14.5119,59.0903],[14.509,59.0935],[14.5045,59.0931],[14.5048,59.0893],[14.4848,59.0863],[14.4703,59.0646],[14.4723,59.0598],[14.4679,59.0604],[14.4635,59.0543],[14.4605,59.0522],[14.4587,59.0523],[14.4571,59.0512],[14.4591,59.0461],[14.4556,59.045],[14.4555,59.0436],[14.4509,59.0409],[14.4568,59.0355],[14.4519,59.0346],[14.4514,59.0298],[14.4528,59.0283],[14.4646,59.0285],[14.4919,59.0041],[14.4647,59.0093],[14.4503,59.0093],[14.4513,59.0134],[14.4472,59.0154],[14.4389,59.0133],[14.4389,59.0093],[14.4128,59.0092],[14.4076,59.0086],[14.4072,59.0099],[14.4039,59.0095],[14.4021,59.0065],[14.3978,59.0059],[14.3939,59.0071],[14.3906,59.0067],[14.3903,59.006],[14.3677,59.0042],[14.3698,59.0007],[14.3664,58.9981],[14.3664,58.9951],[14.3646,58.9943],[14.2918,58.9822],[14.2979,59.0122],[14.2649,59.0159],[14.2317,59.0292],[14.2242,59.0455],[14.18,59.0408],[14.1719,59.0423],[14.167,59.0443],[14.1623,59.0479],[14.1531,59.0491],[14.142,59.0525],[14.1298,59.0492],[14.119,59.05],[14.0993,59.0478],[14.0822,59.0484],[14.075,59.0502],[14.0629,59.0451],[14.0557,59.0444],[14.0479,59.0448],[14.0382,59.0429],[14.0331,59.0374],[14.0441,59.0286],[13.9585,59.0319],[13.5888,59.0593],[13.4242,58.9594],[13.3385,58.8124],[13.4251,58.7459],[13.2532,58.7253],[13.1795,58.7556],[13.1514,58.7552],[12.8996,58.8143],[12.842,58.6752],[12.7427,58.5677],[12.627,58.538],[12.5687,58.5045],[12.3669,58.3969]]]}},{"type":"Feature","properties":{"descriptio":"","name":"","namn":"Stockholms stift","skpkod":"13"},"geometry":{"type":"Polygon","coordinates":[[[18.9412,58.8571],[18.3649,58.6185],[18.1119,58.769],[17.9933,58.8437],[18.0014,58.8643],[18.0275,58.8822],[18.0775,58.9232],[18.075,58.9319],[18.0769,58.9434],[18.0743,58.9468],[18.0612,58.9461],[18.0424,58.9537],[18.0417,58.9578],[18.0447,58.9605],[18.0476,58.9688],[18.054,58.975],[18.054,58.9823],[18.053,58.9838],[18.0476,58.986],[18.0544,58.9958],[18.0485,58.9982],[18.0422,59.0033],[18.0356,59.0043],[18.0334,59.0099],[18.0217,59.0188],[18.0196,59.0221],[18.0128,59.0242],[18.0043,59.0357],[18.0046,59.0393],[18.0031,59.0432],[17.9969,59.0478],[17.9781,59.0471],[17.9764,59.0525],[17.958,59.0501],[17.9548,59.0506],[17.9567,59.0601],[17.9494,59.0611],[17.9606,59.0843],[17.9716,59.0854],[17.9795,59.091],[17.9789,59.0924],[17.9826,59.0932],[17.9874,59.0967],[17.9707,59.1064],[17.9627,59.1172],[17.9529,59.12],[17.9439,59.1213],[17.9396,59.1167],[17.9346,59.1156],[17.9278,59.1167],[17.9269,59.1177],[17.9286,59.1198],[17.9261,59.1207],[17.9216,59.1202],[17.9142,59.1284],[17.9318,59.1425],[17.9248,59.1439],[17.9213,59.1482],[17.9105,59.1555],[17.8984,59.1596],[17.8892,59.1595],[17.8741,59.1616],[17.8687,59.1749],[17.8617,59.1735],[17.8465,59.1728],[17.8241,59.1741],[17.8102,59.1785],[17.8089,59.1817],[17.8056,59.1825],[17.8078,59.1843],[17.811,59.1925],[17.8022,59.1971],[17.7985,59.1947],[17.7928,59.1985],[17.7893,59.2113],[17.7841,59.2205],[17.7695,59.2266],[17.772,59.2288],[17.7729,59.2314],[17.7723,59.234],[17.7736,59.2354],[17.7716,59.2376],[17.7726,59.2393],[17.763,59.2412],[17.7571,59.2407],[17.749,59.2438],[17.7469,59.2454],[17.7466,59.2473],[17.7427,59.2489],[17.7357,59.25],[17.7312,59.2662],[17.7272,59.2644],[17.7219,59.265],[17.6961,59.2717],[17.6755,59.2738],[17.668,59.2736],[17.6381,59.283],[17.6257,59.2861],[17.5976,59.2981],[17.5683,59.2918],[17.5601,59.2928],[17.5155,59.2953],[17.4981,59.3051],[17.4757,59.3047],[17.468,59.3077],[17.4731,59.3239],[17.4692,59.3265],[17.4692,59.3302],[17.4633,59.3383],[17.4379,59.3395],[17.4109,59.3662],[17.4151,59.3835],[17.432,59.3971],[17.4261,59.4139],[17.4262,59.4279],[17.4357,59.4417],[17.4531,59.4465],[17.4797,59.4437],[17.4891,59.4408],[17.5315,59.4402],[17.5436,59.4418],[17.5548,59.4387],[17.5643,59.4421],[17.5716,59.4341],[17.5832,59.4303],[17.5887,59.4309],[17.597,59.4304],[17.6067,59.4282],[17.6135,59.4355],[17.6172,59.4366],[17.6254,59.4367],[17.631,59.4474],[17.6368,59.4516],[17.6764,59.4402],[17.6821,59.4328],[17.7047,59.4306],[17.7137,59.4221],[17.7255,59.4185],[17.7599,59.4296],[17.7644,59.4398],[17.7737,59.4489],[17.7971,59.4676],[17.7946,59.4701],[17.792,59.4711],[17.7919,59.4722],[17.7958,59.4871],[17.7938,59.4896],[17.7936,59.4929],[17.7963,59.4969],[17.7965,59.5023],[17.799,59.505],[17.7993,59.5089],[17.832,59.5221],[17.8357,59.5271],[17.8109,59.5341],[17.8073,59.5756],[17.8254,59.5725],[17.831,59.5701],[17.8476,59.5696],[17.8537,59.5662],[17.8502,59.5585],[17.8601,59.5565],[17.8729,59.5521],[17.8764,59.5541],[17.8816,59.5546],[17.8869,59.5537],[17.8875,59.5521],[17.8889,59.5521],[17.8897,59.5531],[17.8946,59.5533],[17.9068,59.5571],[17.9105,59.5575],[17.9199,59.5641],[17.9399,59.5582],[17.9453,59.5559],[17.9533,59.557],[17.956,59.5584],[17.9611,59.558],[17.9652,59.56],[17.9695,59.5594],[17.9677,59.5531],[17.9707,59.551],[17.9695,59.5486],[17.9708,59.5485],[17.973,59.5514],[17.9735,59.5563],[17.9768,59.5578],[17.9757,59.5638],[17.9838,59.5645],[17.9846,59.5661],[17.9871,59.5664],[17.9937,59.567],[17.9964,59.5657],[17.9975,59.5665],[17.9985,59.566],[18.0032,59.5665],[18.0072,59.5678],[18.0103,59.5701],[18.0134,59.5708],[18.012,59.5728],[18.0093,59.572],[18.0068,59.5736],[18.0114,59.5746],[18.0097,59.5769],[18.0109,59.5818],[18.0168,59.5931],[18.0136,59.5961],[18.0157,59.5999],[18.0136,59.6059],[18.015,59.6164],[18.0132,59.6238],[18.0205,59.626],[18.0154,59.6378],[18.0336,59.6354],[18.0661,59.6371],[18.0716,59.6366],[18.0819,59.6371],[18.0915,59.6354],[18.0959,59.6367],[18.0923,59.6435],[18.0937,59.6503],[18.0888,59.6563],[18.0919,59.6587],[18.1068,59.6628],[18.1181,59.6682],[18.123,59.6696],[18.1301,59.6704],[18.1268,59.6737],[18.1288,59.6744],[18.1281,59.6772],[18.1533,59.6836],[18.1588,59.6683],[18.172,59.6695],[18.1809,59.6677],[18.1846,59.6677],[18.1953,59.6702],[18.212,59.6679],[18.213,59.6702],[18.2252,59.668],[18.2263,59.6689],[18.2376,59.6703],[18.2455,59.6728],[18.2545,59.6742],[18.2751,59.6832],[18.2859,59.6863],[18.2908,59.6853],[18.2932,59.6793],[18.2991,59.6767],[18.3046,59.6807],[18.3163,59.6854],[18.3208,59.6891],[18.332,59.6778],[18.3346,59.6736],[18.3532,59.6617],[18.3683,59.6543],[18.3797,59.6552],[18.3895,59.6514],[18.3835,59.6397],[18.3745,59.6303],[18.375,59.6288],[18.3804,59.6275],[18.392,59.6202],[18.3933,59.6134],[18.3906,59.6106],[18.3873,59.6027],[18.4011,59.6006],[18.4083,59.6004],[18.4144,59.5986],[18.4273,59.592],[18.4355,59.571],[18.4339,59.5688],[18.4453,59.5595],[18.4662,59.5643],[18.4691,59.5671],[18.4713,59.5638],[18.4726,59.5638],[18.4727,59.5714],[18.479,59.5736],[18.4883,59.5746],[18.4865,59.5773],[18.4805,59.5784],[18.4786,59.5795],[18.48,59.5805],[18.4798,59.5861],[18.4865,59.5909],[18.4886,59.5952],[18.4931,59.5973],[18.4999,59.5901],[18.5376,59.595],[18.5493,59.5946],[18.5525,59.5937],[18.5523,59.5916],[18.5544,59.5894],[18.5533,59.5859],[18.557,59.5873],[18.5695,59.5956],[18.5719,59.5959],[18.5823,59.5999],[18.5868,59.5907],[18.5964,59.5829],[18.608,59.587],[18.6133,59.5821],[18.6286,59.5812],[18.6325,59.579],[18.6431,59.5898],[18.6418,59.5931],[18.6426,59.5945],[18.6542,59.5837],[18.6712,59.5736],[18.679,59.5746],[18.6855,59.5784],[18.7,59.579],[18.726,59.5823],[18.7341,59.5766],[18.7369,59.5685],[18.7319,59.5516],[18.7374,59.5496],[18.7468,59.5509],[18.7512,59.5499],[18.7677,59.5516],[18.7845,59.5502],[18.8112,59.5546],[18.8378,59.5573],[18.8467,59.5479],[18.8523,59.5469],[18.8612,59.5457],[18.9158,59.5454],[18.9273,59.5378],[18.9669,59.5391],[19.002,59.5157],[19.0273,59.5141],[19.0671,59.4962],[19.2056,59.4695],[19.2431,59.496],[19.2652,59.5029],[19.2898,59.5035],[19.3587,59.4846],[19.3513,59.4614],[19.3182,59.4454],[19.2857,59.3932],[19.3715,59.3715],[19.5928,59.2075],[19.4549,59.1581],[19.1012,58.9388],[19.0713,58.9222],[18.9412,58.8571]]]}},{"type":"Feature","properties":{"descriptio":"","name":"","namn":"Lunds stift","skpkod":"07"},"geometry":{"type":"Polygon","coordinates":[[[14.6727,56.3901],[14.6787,56.3872],[14.7163,56.3844],[14.7164,56.3827],[14.7176,56.3824],[14.7265,56.383],[14.7299,56.3847],[14.7318,56.3847],[14.7421,56.3833],[14.7551,56.3801],[14.7583,56.3831],[14.7792,56.3825],[14.7877,56.379],[14.799,56.376],[14.8011,56.3731],[14.8034,56.3736],[14.8147,56.3726],[14.8555,56.3629],[14.858,56.3619],[14.8598,56.3589],[14.8667,56.3595],[14.8714,56.3614],[14.8899,56.3625],[14.8992,56.3625],[14.9044,56.3614],[14.9113,56.366],[14.9308,56.3837],[14.9405,56.3867],[14.9426,56.3912],[14.9508,56.3926],[14.96,56.4002],[14.9622,56.3994],[14.9654,56.4002],[14.9654,56.4009],[14.9622,56.4018],[14.9716,56.4091],[14.9783,56.4274],[14.9776,56.4314],[14.9793,56.4326],[14.9792,56.434],[14.9851,56.4355],[14.9889,56.4375],[14.9867,56.4391],[14.9889,56.4412],[14.993,56.441],[14.9967,56.4441],[15.003,56.4461],[15.0093,56.4462],[15.014,56.4488],[15.0209,56.45],[15.0239,56.4496],[15.0242,56.4506],[15.03,56.45],[15.031,56.451],[15.0331,56.4508],[15.0503,56.4377],[15.0523,56.4383],[15.0535,56.4413],[15.0498,56.4521],[15.0611,56.453],[15.07,56.4519],[15.0768,56.4544],[15.0767,56.4523],[15.0856,56.4524],[15.0863,56.4544],[15.0895,56.455],[15.0967,56.4549],[15.0996,56.4531],[15.1097,56.4535],[15.1141,56.4552],[15.1246,56.4551],[15.1312,56.4537],[15.1332,56.4507],[15.1338,56.4457],[15.139,56.444],[15.1396,56.4415],[15.1459,56.4365],[15.1593,56.4341],[15.1613,56.4345],[15.1673,56.4315],[15.1799,56.4276],[15.1828,56.4286],[15.1868,56.428],[15.1889,56.4289],[15.1943,56.4291],[15.204,56.4362],[15.2071,56.4346],[15.21,56.4348],[15.2104,56.4365],[15.2145,56.4404],[15.2142,56.4464],[15.2156,56.4466],[15.22,56.451],[15.2173,56.4519],[15.2171,56.4542],[15.2101,56.4568],[15.208,56.4567],[15.2074,56.4585],[15.2088,56.4595],[15.2315,56.4629],[15.249,56.4636],[15.2491,56.4662],[15.2508,56.4673],[15.2569,56.4678],[15.2644,56.471],[15.2661,56.4704],[15.2674,56.4667],[15.2714,56.4666],[15.274,56.4654],[15.2797,56.4656],[15.2819,56.4643],[15.2807,56.4602],[15.2868,56.4568],[15.293,56.4572],[15.2992,56.4559],[15.3072,56.4585],[15.3141,56.4584],[15.3168,56.4555],[15.3203,56.4555],[15.3252,56.457],[15.3253,56.4598],[15.3284,56.4625],[15.3344,56.4653],[15.3376,56.4658],[15.3409,56.4693],[15.3647,56.4821],[15.3663,56.4838],[15.3668,56.4926],[15.3688,56.4934],[15.371,56.4931],[15.372,56.495],[15.3812,56.4999],[15.3865,56.5006],[15.3979,56.4976],[15.4099,56.4972],[15.4179,56.4925],[15.4258,56.4911],[15.4319,56.4908],[15.4331,56.4951],[15.4388,56.4943],[15.442,56.4915],[15.4444,56.4855],[15.447,56.4825],[15.451,56.4838],[15.4534,56.4831],[15.4565,56.4834],[15.4573,56.4825],[15.4588,56.4838],[15.4606,56.4837],[15.4644,56.4861],[15.4685,56.4873],[15.4775,56.4837],[15.4806,56.48],[15.4944,56.4757],[15.5053,56.474],[15.5117,56.4764],[15.513,56.4781],[15.5133,56.487],[15.511,56.4913],[15.5126,56.4942],[15.5167,56.4954],[15.5239,56.5025],[15.5487,56.5035],[15.5498,56.5022],[15.5535,56.5009],[15.5683,56.4983],[15.5726,56.4953],[15.5752,56.4947],[15.5817,56.4962],[15.5831,56.4951],[15.5858,56.4952],[15.5851,56.4933],[15.5874,56.4912],[15.5887,56.4916],[15.5859,56.4845],[15.5886,56.4817],[15.5905,56.4823],[15.5923,56.4817],[15.5926,56.4801],[15.5993,56.4737],[15.5992,56.4721],[15.6023,56.4729],[15.6053,56.4707],[15.612,56.4707],[15.6187,56.4665],[15.6297,56.4624],[15.6307,56.4599],[15.6365,56.4579],[15.6351,56.4576],[15.636,56.4571],[15.6405,56.4568],[15.6452,56.4577],[15.6461,56.4602],[15.6494,56.4604],[15.6523,56.4621],[15.6529,56.4636],[15.6564,56.4622],[15.6586,56.4601],[15.6576,56.4583],[15.6628,56.4547],[15.6623,56.4526],[15.6651,56.4509],[15.6654,56.4484],[15.6671,56.447],[15.6661,56.4437],[15.6695,56.4408],[15.6686,56.4393],[15.6695,56.4372],[15.6722,56.4348],[15.6774,56.425],[15.6973,56.4231],[15.7175,56.4179],[15.7324,56.4161],[15.7358,56.4145],[15.7408,56.4089],[15.743,56.4082],[15.7458,56.4022],[15.7472,56.4012],[15.7491,56.4011],[15.7525,56.398],[15.7566,56.3905],[15.7618,56.3871],[15.7627,56.3849],[15.7688,56.382],[15.7757,56.3801],[15.7781,56.3726],[15.7769,56.3695],[15.7988,56.3516],[15.7999,56.3481],[15.807,56.3418],[15.8166,56.3347],[15.8177,56.3352],[15.8214,56.3343],[15.8218,56.3338],[15.8192,56.3329],[15.8212,56.3314],[15.8325,56.3267],[15.8344,56.3278],[15.8372,56.326],[15.8356,56.3254],[15.8418,56.3228],[15.867,56.3177],[15.8691,56.3188],[15.8726,56.3177],[15.8745,56.3181],[15.8771,56.3173],[15.8802,56.3183],[15.8834,56.317],[15.891,56.3158],[15.8948,56.3173],[15.9013,56.3163],[15.903,56.3169],[15.9096,56.3148],[15.9118,56.3157],[15.9166,56.316],[15.919,56.3173],[15.9244,56.3164],[15.9331,56.3172],[15.9399,56.316],[15.9427,56.3196],[15.9461,56.3165],[15.9525,56.3179],[15.9567,56.3163],[15.956,56.3145],[15.9632,56.3114],[15.9668,56.3126],[15.9675,56.3139],[15.9702,56.314],[15.9707,56.3122],[15.9747,56.3091],[15.9727,56.3068],[15.9732,56.3052],[15.9781,56.3048],[15.9806,56.3037],[15.9791,56.3009],[15.991,56.2991],[15.9949,56.3012],[15.9992,56.3013],[16.0004,56.2999],[16.0065,56.2993],[16.0087,56.2979],[16.0098,56.2982],[16.0116,56.2974],[16.0137,56.2982],[16.0191,56.3033],[16.0177,56.3066],[16.0135,56.3085],[16.0145,56.31],[16.0162,56.3102],[16.0181,56.3133],[16.0273,56.3161],[16.027,56.3171],[16.0314,56.3198],[16.0366,56.3197],[16.0387,56.3217],[16.0418,56.3219],[16.0423,56.3227],[16.0446,56.3222],[16.0491,56.3228],[16.052,56.3213],[16.076,56.3217],[16.2237,56.3053],[16.2195,55.914],[16.0162,55.8509],[15.9727,55.8159],[15.9075,55.7854],[15.8398,55.7656],[15.7668,55.7519],[15.6585,55.7503],[15.599,55.7548],[15.4905,55.7836],[15.406,55.8337],[15.2995,55.8897],[15.2304,55.8943],[15.1528,55.8982],[15.1395,55.8798],[15.1045,55.8613],[15.0023,55.8217],[14.9718,55.814],[14.9404,55.808],[14.908,55.8037],[14.875,55.8011],[14.7999,55.7972],[14.5916,55.7555],[14.6056,55.7412],[14.6236,55.7073],[14.6271,55.6966],[14.6369,55.6877],[14.6784,55.6421],[14.6905,55.6249],[14.7017,55.6034],[14.1723,55.1775],[14.147,55.1771],[14.1218,55.1777],[14.0763,55.1813],[14.0427,55.1811],[14.0093,55.1827],[13.9765,55.1862],[13.9442,55.1915],[13.913,55.1985],[13.8831,55.2072],[13.8548,55.2174],[13.82,55.2173],[13.7854,55.2192],[13.7606,55.2109],[13.7348,55.2038],[13.708,55.1979],[13.6805,55.1934],[13.6114,55.1855],[13.5898,55.1782],[13.5672,55.1718],[13.5438,55.1663],[13.5182,55.1583],[13.4915,55.1516],[13.4526,55.1445],[13.4354,55.142],[13.4052,55.1389],[13.3744,55.1373],[13.3436,55.1372],[13.2932,55.1401],[13.2077,55.1469],[13.1759,55.1512],[13.1448,55.1572],[13.1128,55.1652],[13.0834,55.1638],[13.0539,55.1639],[13.0245,55.1654],[12.9955,55.1682],[12.9567,55.1563],[12.9248,55.149],[12.7919,55.2438],[12.722,55.2951],[12.7019,55.3118],[12.6945,55.3231],[12.69,55.3374],[12.6902,55.3448],[12.6528,55.3393],[12.6419,55.3364],[12.6122,55.432],[12.7157,55.4886],[12.7299,55.5402],[12.8818,55.6135],[12.8957,55.6435],[12.8765,55.664],[12.8473,55.6985],[12.7581,55.7799],[12.6988,55.8358],[12.6888,55.871],[12.6782,55.8919],[12.6629,55.906],[12.6456,55.9262],[12.65,55.9631],[12.6526,56.0111],[12.6557,56.0252],[12.6557,56.0388],[12.6526,56.0458],[12.6438,56.0563],[12.6295,56.0632],[12.5841,56.0915],[12.5295,56.12],[12.5031,56.1302],[12.47,56.1465],[12.3607,56.2162],[12.3975,56.2372],[12.3792,56.2441],[12.3638,56.2521],[12.3461,56.2654],[12.3353,56.2768],[12.3259,56.3014],[12.1175,56.3832],[12.2409,56.5572],[12.7971,56.5522],[12.8955,56.4495],[12.9409,56.4395],[12.9417,56.4402],[12.9446,56.4402],[12.9449,56.4395],[12.9482,56.4413],[12.951,56.4418],[12.9552,56.4412],[12.9577,56.44],[12.9562,56.4384],[12.9551,56.4385],[12.9532,56.4356],[12.9524,56.4311],[12.9658,56.4277],[12.9626,56.4217],[12.9625,56.4179],[12.9578,56.4134],[12.9654,56.4122],[12.9671,56.4126],[12.9686,56.4114],[12.9672,56.4095],[12.9605,56.4053],[12.9647,56.4028],[12.9605,56.4008],[12.9529,56.3921],[12.9589,56.3941],[12.9627,56.3936],[12.968,56.389],[12.9524,56.3743],[12.9498,56.3693],[12.9675,56.3684],[12.9744,56.3668],[12.9784,56.3629],[12.981,56.3583],[12.9921,56.3572],[13.037,56.3549],[13.0489,56.3554],[13.0636,56.354],[13.074,56.3518],[13.0997,56.3526],[13.1093,56.3538],[13.1112,56.3523],[13.1125,56.3523],[13.1186,56.3546],[13.1309,56.3558],[13.1486,56.3529],[13.1586,56.3492],[13.1724,56.3428],[13.1812,56.3401],[13.1859,56.3329],[13.1879,56.3256],[13.196,56.3241],[13.2164,56.3272],[13.2288,56.3325],[13.2482,56.3464],[13.2496,56.3488],[13.2526,56.3494],[13.2542,56.351],[13.2553,56.3529],[13.2515,56.3577],[13.2929,56.3806],[13.2969,56.3811],[13.3048,56.3852],[13.3118,56.3869],[13.3153,56.3868],[13.3168,56.3876],[13.339,56.3887],[13.3467,56.3905],[13.3751,56.4092],[13.3856,56.4145],[13.4043,56.415],[13.4046,56.4157],[13.4393,56.4191],[13.4552,56.4244],[13.4612,56.4278],[13.4686,56.4269],[13.4723,56.4253],[13.4725,56.4221],[13.4868,56.4152],[13.4909,56.412],[13.4952,56.4101],[13.5005,56.4056],[13.5031,56.4059],[13.5061,56.4083],[13.5111,56.4095],[13.5124,56.4115],[13.5215,56.4117],[13.5289,56.4095],[13.5313,56.4067],[13.5426,56.4038],[13.5496,56.4044],[13.5708,56.4102],[13.5807,56.409],[13.5969,56.4158],[13.6023,56.4121],[13.628,56.4181],[13.6358,56.4182],[13.639,56.4191],[13.6421,56.4184],[13.6482,56.4184],[13.6501,56.4202],[13.652,56.4205],[13.6597,56.4213],[13.6612,56.4204],[13.6887,56.4247],[13.6964,56.4246],[13.6997,56.4272],[13.7332,56.435],[13.7604,56.4441],[13.794,56.4482],[13.8245,56.4419],[13.8769,56.4368],[13.8776,56.4408],[13.8806,56.4407],[13.8814,56.4433],[13.8885,56.4487],[13.8902,56.4519],[13.9017,56.4571],[13.905,56.4565],[13.9099,56.4575],[13.9118,56.4571],[13.9221,56.4592],[13.9239,56.4578],[13.9259,56.4575],[13.9521,56.4671],[13.9713,56.4672],[13.9717,56.4682],[13.9739,56.4689],[13.9825,56.467],[13.983,56.4674],[14.0037,56.4673],[14.0053,56.4687],[14.0175,56.4703],[14.0185,56.4693],[14.0252,56.4679],[14.0299,56.4757],[14.043,56.4858],[14.0443,56.4874],[14.0442,56.49],[14.0476,56.494],[14.0562,56.5007],[14.057,56.5115],[14.059,56.5129],[14.0622,56.5137],[14.063,56.5198],[14.0651,56.5213],[14.0645,56.5226],[14.0619,56.5235],[14.0624,56.5269],[14.0652,56.5285],[14.0719,56.5289],[14.0913,56.5328],[14.0955,56.5327],[14.1061,56.5301],[14.1098,56.5277],[14.1123,56.5273],[14.1149,56.5252],[14.119,56.5249],[14.1201,56.5214],[14.1178,56.52],[14.1173,56.5177],[14.1214,56.5106],[14.1257,56.5074],[14.1258,56.5056],[14.1331,56.508],[14.1366,56.5068],[14.1434,56.5075],[14.1486,56.5052],[14.1515,56.505],[14.158,56.5023],[14.1621,56.5015],[14.1643,56.5003],[14.1651,56.4972],[14.1799,56.4941],[14.1883,56.4942],[14.1932,56.4965],[14.2002,56.4967],[14.2311,56.4928],[14.2312,56.4913],[14.2329,56.4909],[14.241,56.4924],[14.2409,56.4938],[14.2675,56.5068],[14.2743,56.5066],[14.2758,56.5055],[14.2778,56.5056],[14.2783,56.5045],[14.2783,56.5005],[14.276,56.4982],[14.2841,56.4979],[14.2875,56.4986],[14.318,56.494],[14.3441,56.4844],[14.3525,56.4838],[14.3615,56.4818],[14.3778,56.4796],[14.3829,56.4799],[14.3903,56.4792],[14.4106,56.4755],[14.4171,56.4732],[14.422,56.4723],[14.425,56.4725],[14.4348,56.4698],[14.4488,56.4699],[14.4551,56.4727],[14.4576,56.473],[14.4711,56.4639],[14.4824,56.4632],[14.4956,56.4638],[14.5051,56.4609],[14.5145,56.46],[14.5312,56.4556],[14.5407,56.4545],[14.543,56.4551],[14.5438,56.4538],[14.5531,56.4502],[14.5596,56.4488],[14.5654,56.4484],[14.5663,56.4476],[14.5688,56.4474],[14.5691,56.4466],[14.5759,56.4458],[14.5777,56.444],[14.5792,56.4446],[14.5794,56.444],[14.5971,56.4437],[14.6152,56.4375],[14.6245,56.4202],[14.6294,56.4198],[14.6323,56.4185],[14.6362,56.4138],[14.6497,56.4068],[14.6493,56.4038],[14.6542,56.4034],[14.6566,56.4024],[14.6575,56.4031],[14.661,56.4018],[14.6629,56.4026],[14.6649,56.3992],[14.6685,56.3987],[14.6727,56.3901]]]}},{"type":"Feature","properties":{"descriptio":"","name":"","namn":"Luleå stift","skpkod":"11"},"geometry":{"type":"Polygon","coordinates":[[[20.4596,63.3715],[20.2943,63.3084],[20.2073,63.263],[20.0975,63.1634],[20.0556,63.1632],[20.0138,63.1648],[19.9724,63.1683],[19.8979,63.1488],[19.8692,63.1419],[19.8395,63.136],[19.8089,63.1311],[19.6076,63.1022],[19.4057,63.3326],[19.2865,63.4634],[19.2926,63.4682],[19.2928,63.4698],[19.2867,63.4701],[19.1909,63.5719],[19.1818,63.5984],[19.0775,63.6699],[19.0443,63.6888],[19.0158,63.7159],[18.9971,63.7313],[18.9713,63.7342],[18.9507,63.729],[18.9619,63.7605],[18.9148,63.7779],[18.9015,63.7826],[18.82,63.7735],[18.8007,63.7811],[18.8072,63.7885],[18.7573,63.8104],[18.7219,63.8064],[18.7032,63.8096],[18.7025,63.8162],[18.6852,63.8188],[18.6844,63.8203],[18.6376,63.8262],[18.5944,63.8226],[18.4855,63.8426],[18.4836,63.8503],[18.4818,63.852],[18.482,63.8561],[18.4723,63.8638],[18.4792,63.8661],[18.4512,63.8889],[18.4498,63.8887],[18.4398,63.893],[18.426,63.909],[18.4299,63.9151],[18.4262,63.92],[18.4082,63.9215],[18.4064,63.9266],[18.4108,63.9287],[18.418,63.93],[18.4175,63.9324],[18.4205,63.9339],[18.4279,63.934],[18.4325,63.9333],[18.4402,63.9346],[18.4559,63.9322],[18.4654,63.932],[18.4653,63.9366],[18.4626,63.9401],[18.463,63.9443],[18.468,63.9507],[18.4735,63.953],[18.4726,63.9551],[18.4755,63.9574],[18.4757,63.9597],[18.4709,63.9689],[18.4652,63.973],[18.465,63.9748],[18.4619,63.9761],[18.4544,63.9775],[18.4553,63.9797],[18.4516,63.9815],[18.4465,63.9827],[18.4273,63.991],[18.4065,63.9958],[17.9558,63.9222],[17.7334,63.8801],[17.5136,63.894],[17.3345,63.9077],[17.2314,63.9164],[17.0669,63.9316],[16.8783,63.9507],[16.6671,64.0522],[16.6682,64.0527],[16.2193,64.264],[16.1654,64.2612],[16.1448,64.2677],[16.1259,64.2617],[16.119,64.2609],[16.1095,64.2632],[16.0425,64.2489],[16.0197,64.2691],[16.0228,64.2695],[16.0224,64.3328],[15.8537,64.3756],[15.869,64.382],[15.7536,64.407],[15.7415,64.4038],[15.7402,64.4041],[15.7044,64.538],[15.6362,64.5196],[15.6472,64.448],[15.5795,64.4434],[15.5771,64.4449],[15.58,64.4492],[15.5774,64.4545],[15.5811,64.4539],[15.5825,64.4553],[15.5774,64.455],[15.5765,64.4624],[15.571,64.4653],[15.567,64.469],[15.5649,64.4763],[15.5569,64.4813],[15.5534,64.4864],[15.5534,64.4936],[15.5573,64.4962],[15.5531,64.4987],[15.5443,64.5013],[15.5405,64.5039],[15.5385,64.5072],[15.5412,64.5107],[15.5432,64.5186],[15.5331,64.5237],[15.5208,64.5322],[15.5086,64.5359],[15.4993,64.5374],[15.4942,64.5398],[15.4762,64.5444],[15.4765,64.547],[15.4734,64.5489],[15.4662,64.548],[15.4635,64.5485],[15.4639,64.5494],[15.4619,64.5496],[15.4557,64.5541],[15.4489,64.5564],[15.443,64.5563],[15.4396,64.5572],[15.4386,64.5585],[15.4408,64.5602],[15.4378,64.5625],[15.4376,64.5695],[15.4339,64.5723],[15.4323,64.579],[15.4277,64.5834],[15.4248,64.5837],[15.42,64.5817],[15.4175,64.5793],[15.408,64.5819],[15.4009,64.5811],[15.3956,64.5823],[15.3872,64.582],[15.3816,64.5837],[15.3746,64.5831],[15.3701,64.5837],[15.3617,64.5879],[15.3645,64.5896],[15.3473,64.5967],[15.3368,64.6047],[15.3327,64.6096],[15.327,64.613],[15.3277,64.6142],[15.3156,64.6207],[15.3012,64.625],[15.2876,64.6255],[15.2814,64.627],[15.2793,64.6262],[15.2708,64.6269],[15.2697,64.6264],[15.2649,64.6265],[15.2639,64.6279],[15.2593,64.6293],[15.2512,64.63],[15.2484,64.631],[15.2475,64.6338],[15.241,64.6348],[15.2416,64.6362],[15.283,64.6399],[15.3415,64.6467],[15.3363,64.6503],[15.3348,64.654],[15.3354,64.6569],[15.3336,64.6589],[15.3344,64.669],[15.3231,64.6742],[15.3086,64.6783],[15.2912,64.6775],[15.2806,64.6862],[15.2805,64.6889],[15.2755,64.6895],[15.272,64.6915],[15.2654,64.6999],[15.2319,64.7163],[15.2247,64.7227],[15.1981,64.733],[15.1862,64.7405],[15.1817,64.7414],[15.1751,64.7404],[15.1466,64.7442],[15.1369,64.7468],[15.1355,64.7503],[15.1178,64.7528],[15.1023,64.753],[15.0878,64.7518],[15.0624,64.7516],[15.0592,64.7536],[15.0448,64.756],[15.0417,64.7585],[15.0329,64.7604],[15.0272,64.7668],[15.0278,64.7687],[15.0314,64.7694],[15.0326,64.7709],[15.0302,64.7763],[15.0269,64.7791],[15.028,64.7809],[15.0344,64.7839],[15.0362,64.7892],[15.0353,64.7914],[15.0255,64.7972],[15.0263,64.8017],[15.0244,64.8038],[14.9739,64.8461],[14.9359,64.8571],[14.8798,64.8646],[14.8639,64.8686],[14.8553,64.8748],[14.8412,64.8766],[14.8374,64.8781],[14.8392,64.8803],[14.8466,64.8829],[14.8428,64.8874],[14.8447,64.8898],[14.8414,64.8924],[14.8315,64.8961],[14.8274,64.8961],[14.8275,64.8977],[14.8236,64.8999],[14.8213,64.8999],[14.82,64.9017],[14.8131,64.9037],[14.8096,64.9059],[14.8023,64.9076],[14.7863,64.909],[14.7831,64.91],[14.7798,64.9127],[14.7723,64.9135],[14.7793,64.9181],[14.7807,64.9205],[14.7806,64.9221],[14.7775,64.9232],[14.7756,64.9292],[14.7791,64.9344],[14.7798,64.9383],[14.7785,64.9398],[14.7661,64.9465],[14.756,64.9487],[14.7543,64.9543],[14.7501,64.955],[14.7442,64.9545],[14.7423,64.9535],[14.739,64.9543],[14.7322,64.9543],[14.7235,64.9561],[14.7183,64.9602],[14.7117,64.9607],[14.7143,64.9633],[14.7124,64.9658],[14.7143,64.9688],[14.7106,64.9703],[14.7091,64.973],[14.7054,64.9757],[14.7056,64.9778],[14.7028,64.9788],[14.7063,64.9822],[14.6975,64.9905],[14.613,65.0024],[14.326,65.1189],[14.3788,65.2476],[14.5068,65.3097],[14.502,65.3739],[14.4988,65.5213],[14.5415,65.7008],[14.6255,65.8118],[14.5844,65.9013],[14.5731,65.9579],[14.5509,66.0221],[14.5163,66.1326],[14.8637,66.146],[15.0357,66.1536],[15.1954,66.2],[15.3056,66.2327],[15.4847,66.2825],[15.4304,66.3922],[15.3772,66.4843],[15.4511,66.524],[15.6214,66.5943],[15.8076,66.7355],[15.9068,66.8075],[15.9936,66.8732],[16.0388,66.9124],[16.194,66.9826],[16.3878,67.0455],[16.4041,67.205],[16.33,67.262],[16.0898,67.4353],[16.158,67.5192],[16.2856,67.528],[16.4076,67.534],[16.4949,67.5945],[16.5563,67.6472],[16.5805,67.68],[16.6379,67.767],[16.6789,67.8244],[16.7381,67.9142],[16.9298,67.9773],[17.1805,68.0505],[17.2526,68.1016],[17.2815,68.1188],[17.4954,68.0748],[17.6647,68.0384],[17.8998,67.9694],[18.0958,68.1462],[18.1514,68.1988],[18.1146,68.3405],[18.1011,68.406],[18.1259,68.5365],[18.4057,68.5819],[18.4855,68.5565],[18.5526,68.5328],[18.6212,68.507],[18.9838,68.517],[19.7076,68.3939],[19.9214,68.356],[19.978,68.3882],[20.1106,68.4438],[20.2265,68.4908],[20.0259,68.5308],[19.9375,68.5579],[20.0522,68.5911],[20.2028,68.6659],[20.3359,68.8023],[20.3219,68.8556],[20.3066,68.9262],[20.2379,68.9561],[20.06,69.0458],[20.5486,69.06],[20.5501,69.0588],[20.5547,69.0583],[20.5592,69.0565],[20.5683,69.0569],[20.5704,69.055],[20.5776,69.0527],[20.5815,69.0541],[20.5856,69.0531],[20.5907,69.0535],[20.595,69.0512],[20.6012,69.0509],[20.6019,69.05],[20.6067,69.05],[20.6161,69.0475],[20.6275,69.0458],[20.6624,69.0431],[20.6887,69.0431],[20.7027,69.0445],[20.7166,69.0403],[20.7286,69.0381],[20.7749,69.0327],[20.7833,69.0283],[20.8111,69.0188],[20.8204,69.0059],[20.8347,68.9962],[20.8468,68.9917],[20.8523,68.9913],[20.8667,68.9871],[20.8799,68.9867],[20.8836,68.9832],[20.9058,68.9732],[20.9117,68.9687],[20.9138,68.962],[20.9119,68.9572],[20.8952,68.9474],[20.8924,68.9417],[20.8663,68.9436],[20.8435,68.9365],[20.8519,68.9238],[20.8563,68.923],[20.8626,68.9232],[20.8802,68.9186],[20.8906,68.9081],[20.9034,68.9003],[20.9014,68.8988],[20.8938,68.8971],[20.8876,68.8964],[20.8843,68.8969],[20.8792,68.896],[20.8772,68.8946],[20.8781,68.8935],[20.8883,68.8916],[20.9024,68.8911],[20.9069,68.8918],[20.9083,68.8938],[20.9153,68.8971],[20.9328,68.8986],[20.9451,68.8963],[20.9569,68.8969],[20.9589,68.8919],[20.9653,68.8911],[20.9694,68.8928],[20.976,68.893],[20.9807,68.8913],[20.9872,68.8923],[20.9907,68.895],[20.9909,68.8974],[20.9967,68.8967],[21.0049,68.8933],[21.0288,68.8859],[21.0298,68.8848],[21.0262,68.8821],[21.032,68.8826],[21.0472,68.8816],[21.0517,68.879],[21.0767,68.8715],[21.0757,68.87],[21.078,68.8649],[21.0941,68.8608],[21.0994,68.8605],[21.103,68.8593],[21.1071,68.8596],[21.1286,68.8536],[21.1305,68.852],[21.1301,68.8492],[21.1435,68.8454],[21.1421,68.8437],[21.1448,68.84],[21.1506,68.8394],[21.1651,68.8348],[21.1714,68.8337],[21.1798,68.8297],[21.1833,68.8296],[21.1843,68.8252],[21.1891,68.8238],[21.1958,68.8235],[21.2049,68.8195],[21.2112,68.8178],[21.2252,68.8162],[21.2262,68.815],[21.2303,68.8148],[21.2366,68.813],[21.2402,68.809],[21.2453,68.8073],[21.2472,68.8053],[21.2537,68.8023],[21.2517,68.7989],[21.2622,68.7922],[21.2596,68.7912],[21.2616,68.7873],[21.2702,68.7798],[21.2837,68.7739],[21.2934,68.7675],[21.2959,68.7635],[21.299,68.7624],[21.3087,68.7603],[21.3258,68.7592],[21.3321,68.7602],[21.3384,68.7631],[21.3435,68.7631],[21.3478,68.7646],[21.3617,68.7672],[21.3669,68.7672],[21.3839,68.7648],[21.3904,68.7648],[21.3916,68.764],[21.39,68.7619],[21.3965,68.7589],[21.402,68.7575],[21.4074,68.7508],[21.4126,68.7484],[21.4068,68.7429],[21.4056,68.7357],[21.4146,68.7309],[21.4146,68.7287],[21.4098,68.7253],[21.4221,68.7151],[21.4211,68.714],[21.4143,68.7123],[21.4127,68.7109],[21.416,68.7077],[21.4206,68.706],[21.4227,68.702],[21.4185,68.6987],[21.4185,68.6972],[21.4206,68.6956],[21.4281,68.6936],[21.4298,68.6916],[21.4383,68.6897],[21.4457,68.6894],[21.4496,68.6878],[21.4562,68.6871],[21.4655,68.6819],[21.4736,68.6821],[21.482,68.6811],[21.4945,68.6787],[21.5008,68.6766],[21.5117,68.6757],[21.5237,68.6773],[21.5294,68.6754],[21.5441,68.6761],[21.5471,68.6755],[21.555,68.6776],[21.5578,68.6761],[21.5659,68.675],[21.5674,68.672],[21.5711,68.6706],[21.5842,68.6678],[21.5955,68.6665],[21.6064,68.6666],[21.6178,68.6644],[21.6237,68.6623],[21.6229,68.6591],[21.6283,68.6543],[21.6341,68.654],[21.6418,68.6508],[21.6527,68.6504],[21.6529,68.6475],[21.6619,68.6437],[21.6639,68.6406],[21.6783,68.6373],[21.6866,68.6342],[21.6972,68.6323],[21.7095,68.6255],[21.7121,68.6174],[21.6992,68.6143],[21.6987,68.611],[21.6958,68.6105],[21.6999,68.6072],[21.7006,68.5967],[21.704,68.595],[21.7139,68.5934],[21.7174,68.5903],[21.7216,68.5907],[21.7485,68.5877],[21.7628,68.5873],[21.7708,68.5857],[21.777,68.5855],[21.7842,68.5858],[21.7884,68.5867],[21.7986,68.5865],[21.8043,68.5887],[21.8172,68.5899],[21.8231,68.589],[21.8319,68.5907],[21.8421,68.5912],[21.8507,68.5895],[21.8632,68.5884],[21.8639,68.5874],[21.8614,68.5854],[21.8647,68.5838],[21.8748,68.5853],[21.8889,68.5844],[21.9053,68.5781],[21.9071,68.5746],[21.9198,68.5694],[21.9284,68.5672],[21.9373,68.5601],[21.946,68.5564],[21.9684,68.5511],[21.9708,68.549],[21.9704,68.546],[21.9807,68.5418],[21.9837,68.5379],[21.9918,68.534],[21.9945,68.5336],[22.0001,68.5347],[22.0063,68.5331],[22.0076,68.5309],[22.0027,68.529],[22.0028,68.5268],[21.996,68.5217],[22.0039,68.5161],[22.0089,68.5101],[22.011,68.5],[22.0272,68.49],[22.0314,68.4856],[22.0371,68.4836],[22.0395,68.4811],[22.0434,68.4796],[22.0461,68.4791],[22.0504,68.4795],[22.0576,68.479],[22.0769,68.4824],[22.0976,68.4812],[22.1012,68.4786],[22.1154,68.4821],[22.123,68.4802],[22.1233,68.4771],[22.1274,68.4719],[22.132,68.471],[22.1468,68.4708],[22.1525,68.4701],[22.1668,68.4737],[22.1783,68.4777],[22.1927,68.4802],[22.1976,68.4796],[22.204,68.4801],[22.2079,68.4775],[22.2224,68.473],[22.251,68.4823],[22.2562,68.4819],[22.2669,68.4788],[22.2715,68.4798],[22.2824,68.4785],[22.287,68.4796],[22.2916,68.483],[22.2967,68.4839],[22.3298,68.481],[22.3346,68.4812],[22.3398,68.4825],[22.3472,68.4822],[22.3514,68.4812],[22.3473,68.4772],[22.3482,68.4741],[22.3407,68.4693],[22.3489,68.4636],[22.3436,68.4606],[22.3444,68.4586],[22.3424,68.4557],[22.3455,68.4525],[22.3434,68.4488],[22.3406,68.4476],[22.3426,68.4446],[22.3527,68.4447],[22.3576,68.4457],[22.3904,68.4598],[22.3934,68.4626],[22.3981,68.4646],[22.4035,68.4662],[22.4119,68.4668],[22.4209,68.4633],[22.4307,68.4649],[22.4369,68.4642],[22.4372,68.4598],[22.4591,68.4479],[22.4683,68.4413],[22.4822,68.4432],[22.5061,68.4422],[22.5238,68.4385],[22.5355,68.4344],[22.5499,68.4349],[22.5557,68.4341],[22.5724,68.4222],[22.5782,68.4221],[22.5887,68.4251],[22.6032,68.4257],[22.6168,68.4276],[22.6191,68.4283],[22.619,68.432],[22.6219,68.434],[22.638,68.4346],[22.6435,68.4318],[22.6394,68.4213],[22.6454,68.4171],[22.6688,68.4119],[22.6752,68.4123],[22.6785,68.4116],[22.6918,68.4057],[22.6909,68.4037],[22.6852,68.4014],[22.6867,68.3999],[22.694,68.3986],[22.7132,68.3971],[22.7247,68.3945],[22.7266,68.3938],[22.7271,68.3895],[22.732,68.3857],[22.7374,68.3847],[22.7628,68.3848],[22.7697,68.3861],[22.7794,68.3903],[22.7945,68.3932],[22.7998,68.3936],[22.8139,68.3887],[22.8317,68.3865],[22.8446,68.3833],[22.8465,68.3821],[22.8395,68.3767],[22.8399,68.3752],[22.8358,68.373],[22.8349,68.3661],[22.8453,68.3607],[22.8498,68.361],[22.8557,68.3601],[22.876,68.3517],[22.8941,68.3484],[22.8974,68.3454],[22.906,68.3424],[22.9107,68.3364],[22.9154,68.334],[22.9294,68.333],[22.9374,68.3334],[22.9717,68.3323],[22.975,68.3307],[22.9771,68.3243],[22.9875,68.3199],[23.0369,68.307],[23.0566,68.3074],[23.0656,68.3014],[23.0701,68.3003],[23.0703,68.2941],[23.0653,68.2892],[23.064,68.281],[23.0652,68.2789],[23.0726,68.2746],[23.0772,68.267],[23.0869,68.2627],[23.0995,68.259],[23.1128,68.2515],[23.1303,68.2484],[23.1373,68.2488],[23.1419,68.2479],[23.1445,68.2457],[23.1472,68.2387],[23.1516,68.2344],[23.1516,68.23],[23.1419,68.2186],[23.1454,68.2119],[23.1409,68.208],[23.1418,68.2038],[23.147,68.201],[23.1546,68.2008],[23.1607,68.1991],[23.1621,68.1953],[23.1608,68.1942],[23.1501,68.1911],[23.1463,68.1875],[23.1456,68.1842],[23.1416,68.1819],[23.142,68.1758],[23.147,68.1716],[23.1401,68.1553],[23.1492,68.1446],[23.1524,68.1394],[23.1522,68.1368],[23.1652,68.133],[23.1699,68.1331],[23.1845,68.1376],[23.194,68.1382],[23.2033,68.1408],[23.2095,68.1458],[23.2219,68.1465],[23.2286,68.1482],[23.2459,68.1485],[23.2511,68.1493],[23.2563,68.1518],[23.2573,68.1557],[23.2603,68.1569],[23.2782,68.1574],[23.2861,68.1547],[23.2915,68.1495],[23.3017,68.1501],[23.3063,68.1493],[23.3081,68.1477],[23.3056,68.1448],[23.3127,68.143],[23.3154,68.1395],[23.3197,68.1374],[23.3216,68.1343],[23.3215,68.129],[23.3307,68.1227],[23.3251,68.1176],[23.3344,68.11],[23.3374,68.0997],[23.3526,68.0912],[23.3606,68.0851],[23.3612,68.0794],[23.3675,68.072],[23.3727,68.0683],[23.3705,68.0648],[23.3713,68.0612],[23.3762,68.0583],[23.3863,68.057],[23.3845,68.0512],[23.3886,68.0477],[23.3997,68.0433],[23.4109,68.0412],[23.4189,68.0406],[23.4305,68.0378],[23.4402,68.0376],[23.4478,68.0362],[23.4658,68.0305],[23.4662,68.0286],[23.4635,68.0257],[23.4654,68.0217],[23.469,68.0196],[23.4753,68.0183],[23.4797,68.0163],[23.498,68.0137],[23.5098,68.0103],[23.5344,68.0059],[23.5376,68.0033],[23.5348,67.9975],[23.5398,67.9912],[23.5517,67.9834],[23.5736,67.9724],[23.58,67.9713],[23.5914,67.9725],[23.6036,67.9716],[23.6367,67.966],[23.648,67.9625],[23.6514,67.9603],[23.6524,67.9581],[23.6505,67.9514],[23.654,67.9489],[23.6595,67.9473],[23.665,67.9409],[23.6616,67.9386],[23.6553,67.9368],[23.6448,67.9265],[23.6463,67.9213],[23.6431,67.9167],[23.6366,67.9137],[23.625,67.9106],[23.6208,67.9083],[23.6085,67.9065],[23.5949,67.903],[23.5916,67.901],[23.5869,67.8951],[23.5795,67.893],[23.5716,67.8927],[23.5613,67.8957],[23.5584,67.8973],[23.5525,67.8983],[23.5492,67.8967],[23.5466,67.8923],[23.5401,67.8896],[23.5226,67.8865],[23.5173,67.8848],[23.5071,67.8786],[23.5042,67.8696],[23.4943,67.864],[23.488,67.8464],[23.4777,67.8428],[23.4823,67.8273],[23.4784,67.8229],[23.473,67.8201],[23.4727,67.8164],[23.4778,67.8099],[23.4795,67.8014],[23.4834,67.7977],[23.4927,67.7935],[23.4941,67.7911],[23.4922,67.7824],[23.4899,67.7802],[23.4848,67.7786],[23.4832,67.7739],[23.4919,67.7643],[23.4891,67.7611],[23.4919,67.7549],[23.486,67.7465],[23.4766,67.7412],[23.475,67.7391],[23.4873,67.7299],[23.4851,67.7275],[23.4784,67.724],[23.4775,67.7163],[23.4839,67.7117],[23.4831,67.7061],[23.4775,67.703],[23.4772,67.7017],[23.479,67.7004],[23.4895,67.6974],[23.4926,67.6952],[23.4893,67.6909],[23.4896,67.6882],[23.496,67.6846],[23.4982,67.6802],[23.4967,67.6728],[23.4912,67.6668],[23.4924,67.6643],[23.5137,67.6471],[23.5337,67.6371],[23.5407,67.6304],[23.5386,67.6265],[23.5417,67.6238],[23.5454,67.6227],[23.5531,67.623],[23.559,67.62],[23.5464,67.613],[23.5417,67.6058],[23.5384,67.6037],[23.5418,67.5981],[23.5449,67.5844],[23.5397,67.5789],[23.5277,67.5762],[23.5257,67.5727],[23.5126,67.5649],[23.5076,67.5634],[23.5001,67.5634],[23.4911,67.5664],[23.4858,67.5671],[23.4806,67.566],[23.469,67.5659],[23.4561,67.562],[23.4556,67.5601],[23.4654,67.5497],[23.468,67.5481],[23.4768,67.5458],[23.484,67.5407],[23.4839,67.538],[23.4772,67.5354],[23.4744,67.5298],[23.454,67.5248],[23.4456,67.5207],[23.436,67.5179],[23.4342,67.5132],[23.4356,67.5099],[23.432,67.5074],[23.4216,67.5036],[23.409,67.5021],[23.4053,67.501],[23.4044,67.5],[23.4067,67.4967],[23.3981,67.4918],[23.3941,67.4854],[23.3966,67.4826],[23.4041,67.4787],[23.4067,67.4703],[23.4119,67.467],[23.4315,67.4642],[23.4393,67.4599],[23.4477,67.4587],[23.456,67.4549],[23.4643,67.4531],[23.4841,67.4502],[23.4966,67.446],[23.5088,67.4464],[23.5136,67.4476],[23.5164,67.4489],[23.5179,67.4529],[23.5279,67.4571],[23.5313,67.4596],[23.5425,67.4613],[23.5475,67.4612],[23.5633,67.4595],[23.5742,67.4557],[23.5823,67.4539],[23.5931,67.4532],[23.6026,67.4537],[23.6448,67.4471],[23.6601,67.4463],[23.6678,67.443],[23.6822,67.4422],[23.6992,67.4457],[23.7099,67.4457],[23.7214,67.4432],[23.7377,67.4384],[23.754,67.4357],[23.7594,67.4338],[23.7636,67.4298],[23.764,67.4268],[23.7562,67.4237],[23.7515,67.4198],[23.7518,67.4079],[23.7367,67.3992],[23.7312,67.3947],[23.7199,67.3919],[23.7171,67.3859],[23.7179,67.3849],[23.7354,67.3786],[23.7317,67.3746],[23.7297,67.3687],[23.7336,67.3649],[23.7346,67.3615],[23.7408,67.3572],[23.7405,67.3551],[23.7376,67.3531],[23.7395,67.3496],[23.7446,67.3481],[23.759,67.3491],[23.7635,67.345],[23.7751,67.3393],[23.7747,67.3374],[23.7721,67.3348],[23.7555,67.3281],[23.756,67.3231],[23.7488,67.3217],[23.7492,67.3166],[23.7452,67.3123],[23.7456,67.3093],[23.7412,67.3068],[23.7352,67.2942],[23.7288,67.2876],[23.7236,67.2856],[23.7231,67.2827],[23.7161,67.2819],[23.6926,67.284],[23.6871,67.2829],[23.676,67.2821],[23.668,67.2798],[23.6465,67.2776],[23.6348,67.2737],[23.6259,67.2721],[23.6194,67.2715],[23.6117,67.2739],[23.6065,67.2738],[23.6005,67.2719],[23.591,67.2706],[23.585,67.2708],[23.5776,67.269],[23.5617,67.2616],[23.5612,67.2596],[23.5695,67.2521],[23.565,67.25],[23.5515,67.2482],[23.5556,67.2425],[23.5623,67.2373],[23.5608,67.235],[23.5484,67.2277],[23.5463,67.2252],[23.5501,67.2238],[23.5577,67.2239],[23.566,67.2225],[23.5724,67.2195],[23.5804,67.2134],[23.593,67.2098],[23.5959,67.2075],[23.5851,67.1985],[23.5886,67.1932],[23.5879,67.1907],[23.5799,67.1879],[23.5693,67.186],[23.5591,67.1813],[23.5566,67.1792],[23.5563,67.1752],[23.5519,67.1726],[23.5514,67.171],[23.5555,67.1665],[23.5718,67.1576],[23.5788,67.1521],[23.5841,67.151],[23.5963,67.1389],[23.6046,67.1353],[23.6099,67.1301],[23.6165,67.1283],[23.6207,67.1257],[23.624,67.1198],[23.6293,67.115],[23.6373,67.1105],[23.655,67.1034],[23.6611,67.0915],[23.6672,67.0837],[23.6639,67.0808],[23.6635,67.0779],[23.6706,67.0668],[23.6846,67.0577],[23.6991,67.0519],[23.7043,67.0455],[23.7105,67.045],[23.7131,67.044],[23.7161,67.037],[23.7151,67.0346],[23.7223,67.0335],[23.7277,67.0303],[23.7308,67.025],[23.7377,67.0184],[23.7531,67.0111],[23.7608,67.0051],[23.7685,67.0013],[23.7934,66.9937],[23.8016,66.9886],[23.798,66.9851],[23.7995,66.9835],[23.8072,66.9813],[23.8094,66.9795],[23.8148,66.9798],[23.8175,66.9791],[23.8173,66.9741],[23.8266,66.9679],[23.8268,66.9629],[23.8285,66.9612],[23.8356,66.9596],[23.8478,66.9596],[23.8618,66.9543],[23.8629,66.9499],[23.8602,66.9457],[23.8609,66.9431],[23.8639,66.9377],[23.868,66.9358],[23.8633,66.9288],[23.8647,66.9187],[23.9015,66.9008],[23.9104,66.8945],[23.9125,66.8899],[23.9158,66.8874],[23.9188,66.8864],[23.9321,66.8854],[23.9362,66.8836],[23.9436,66.876],[23.943,66.8725],[23.9525,66.867],[23.9534,66.8627],[23.9697,66.8493],[23.9723,66.84],[23.982,66.8347],[23.9953,66.8212],[23.9924,66.8158],[23.9879,66.812],[23.9893,66.8091],[23.9876,66.8025],[23.9765,66.7979],[23.9766,66.7962],[23.9833,66.7892],[23.981,66.7856],[23.9722,66.7829],[23.9569,66.7824],[23.9352,66.7902],[23.932,66.7931],[23.9272,66.7948],[23.9189,66.7959],[23.9111,66.7954],[23.9078,66.7937],[23.908,66.7916],[23.9153,66.779],[23.9157,66.7719],[23.9116,66.7704],[23.8991,66.7706],[23.8899,66.7689],[23.8864,66.7663],[23.8812,66.765],[23.8794,66.7629],[23.8802,66.7593],[23.8772,66.7567],[23.8766,66.7535],[23.8862,66.7502],[23.8885,66.7467],[23.8894,66.739],[23.9078,66.7211],[23.9019,66.717],[23.8984,66.7125],[23.8949,66.711],[23.8954,66.7082],[23.8981,66.7065],[23.8877,66.6935],[23.8881,66.6863],[23.8859,66.6824],[23.8869,66.6755],[23.8846,66.6739],[23.8746,66.6714],[23.8722,66.6677],[23.8725,66.663],[23.8686,66.6599],[23.8682,66.6572],[23.8647,66.6549],[23.8657,66.6497],[23.8723,66.6427],[23.8702,66.6394],[23.87,66.6297],[23.8752,66.6251],[23.8777,66.6203],[23.884,66.6173],[23.8851,66.6151],[23.8839,66.6113],[23.876,66.6021],[23.8773,66.5968],[23.8751,66.5869],[23.8782,66.5829],[23.874,66.5753],[23.8627,66.5681],[23.858,66.5579],[23.8529,66.5558],[23.8366,66.5543],[23.8259,66.5488],[23.8162,66.5461],[23.7952,66.5379],[23.7866,66.5367],[23.7848,66.5327],[23.7903,66.5287],[23.7917,66.5261],[23.7973,66.523],[23.7951,66.5172],[23.7916,66.516],[23.7761,66.5143],[23.7699,66.5119],[23.7619,66.5105],[23.7529,66.5053],[23.7435,66.5038],[23.7391,66.5041],[23.7347,66.5082],[23.7303,66.5087],[23.7253,66.5022],[23.7257,66.4978],[23.7143,66.493],[23.7155,66.4851],[23.7203,66.4785],[23.7193,66.4768],[23.7103,66.4737],[23.6996,66.4755],[23.6881,66.4733],[23.6748,66.4655],[23.6557,66.4598],[23.6502,66.455],[23.6488,66.4423],[23.6435,66.4356],[23.6434,66.4246],[23.6563,66.4141],[23.668,66.3978],[23.6839,66.3931],[23.6892,66.3874],[23.6858,66.3772],[23.6771,66.3708],[23.6684,66.3607],[23.6566,66.352],[23.6599,66.3354],[23.6573,66.3178],[23.6456,66.3014],[23.6474,66.2989],[23.6557,66.2933],[23.6586,66.2893],[23.6642,66.2855],[23.6673,66.2787],[23.6731,66.2729],[23.6701,66.2642],[23.6669,66.261],[23.6674,66.2596],[23.6763,66.2543],[23.6861,66.2523],[23.6906,66.2504],[23.7011,66.2429],[23.701,66.241],[23.6943,66.2337],[23.6942,66.2285],[23.7047,66.2191],[23.711,66.2167],[23.7239,66.2145],[23.7332,66.2062],[23.7335,66.2037],[23.7261,66.1992],[23.7281,66.1952],[23.738,66.1929],[23.7549,66.1918],[23.7829,66.1868],[23.8032,66.1799],[23.8167,66.1765],[23.8224,66.1728],[23.8311,66.1704],[23.8361,66.1702],[23.8423,66.1711],[23.8531,66.1708],[23.8584,66.1716],[23.8672,66.1653],[23.8793,66.1659],[23.8914,66.1678],[23.8977,66.1651],[23.9172,66.1618],[23.9207,66.1599],[23.93,66.1496],[23.9276,66.1484],[23.9263,66.1443],[23.9148,66.1395],[23.9141,66.1361],[23.927,66.1299],[23.9408,66.1208],[23.941,66.1187],[23.9358,66.1124],[23.9451,66.1073],[23.945,66.1028],[23.9395,66.0992],[23.9366,66.091],[23.9366,66.0802],[23.9383,66.0767],[23.9468,66.0723],[23.9549,66.0704],[23.9643,66.0633],[23.9754,66.0577],[23.9841,66.0504],[23.9853,66.0466],[23.9964,66.0352],[24.0136,66.0232],[24.0354,66.0105],[24.0454,66.002],[24.0492,65.995],[24.0497,65.9792],[24.0529,65.9746],[24.0515,65.9732],[24.0421,65.9708],[24.0397,65.9691],[24.0431,65.9664],[24.0423,65.9632],[24.0502,65.957],[24.0537,65.9515],[24.0611,65.9498],[24.0647,65.9468],[24.0743,65.9444],[24.081,65.9363],[24.0884,65.9312],[24.0992,65.9295],[24.1084,65.9316],[24.1179,65.9267],[24.1159,65.9185],[24.1099,65.9134],[24.1107,65.9097],[24.1151,65.9036],[24.1155,65.8987],[24.1182,65.8946],[24.1282,65.8909],[24.1328,65.888],[24.141,65.8734],[24.1529,65.8626],[24.1441,65.8622],[24.1316,65.8631],[24.1256,65.8578],[24.1252,65.8515],[24.1279,65.8494],[24.1385,65.8456],[24.1446,65.841],[24.1553,65.8155],[24.1435,65.8026],[24.1337,65.7967],[24.128,65.7846],[24.1276,65.7784],[24.1318,65.7716],[24.1721,65.7253],[24.1648,65.6955],[24.1776,65.6604],[24.1615,65.6193],[24.1361,65.5304],[24.0604,65.5262],[24.0494,65.462],[23.8993,65.364],[23.6886,65.3286],[23.1222,65.2873],[23.0841,65.2432],[23.0741,65.2248],[23.0599,65.207],[23.0419,65.1898],[23.0273,65.1788],[22.9883,65.1542],[22.9385,65.1348],[22.8453,65.1048],[22.7405,65.0864],[22.5496,65.0483],[22.4752,65.0314],[22.2573,64.9849],[22.1297,64.9591],[21.9047,64.8906],[21.8152,64.8361],[21.9378,64.6688],[21.9929,64.5975],[22.018,64.5828],[22.0398,64.5673],[22.0581,64.5509],[22.0654,64.5427],[22.0937,64.4931],[22.0991,64.4539],[22.0557,64.3747],[22.0067,64.3243],[21.9348,64.2544],[21.9166,64.2386],[21.8954,64.2236],[21.8712,64.2095],[21.8442,64.1963],[21.5018,64.0419],[21.3948,63.9561],[21.4654,63.835],[21.4689,63.8154],[21.4681,63.7958],[21.4629,63.7763],[21.4634,63.7568],[21.4596,63.7373],[21.4515,63.7182],[21.4393,63.6994],[21.4229,63.6813],[21.4027,63.6639],[21.3788,63.6475],[21.3725,63.6352],[21.2579,63.6056],[21.195,63.5938],[21.1308,63.5807],[21.0733,63.5664],[21.02,63.5497],[20.9735,63.5374],[20.9042,63.5204],[20.8301,63.5074],[20.7576,63.497],[20.6929,63.4852],[20.6492,63.4698],[20.6031,63.449],[20.5199,63.399],[20.4596,63.3715]]]}},{"type":"Feature","properties":{"descriptio":"","name":"","namn":"Visby stift","skpkod":"12"},"geometry":{"type":"Polygon","coordinates":[[[18.9931,57.105],[18.7202,56.897],[18.7092,56.881],[18.6958,56.8655],[18.6801,56.8507],[18.662,56.8367],[18.6418,56.8236],[18.6198,56.8114],[18.5959,56.8004],[18.5869,56.7951],[18.5284,56.7711],[18.4468,56.7427],[18.4054,56.7329],[18.3714,56.7268],[18.3228,56.7132],[18.2727,56.7045],[18.2142,56.7008],[18.1664,56.7007],[18.047,56.7117],[17.991,56.7224],[17.9249,56.74],[17.8834,56.7582],[17.8355,56.7882],[17.8077,56.8109],[17.7961,56.8232],[17.7832,56.8393],[17.7729,56.856],[17.7652,56.8731],[17.7604,56.8906],[17.7583,56.904],[17.7584,56.9311],[17.7854,57.0508],[17.7664,57.1094],[17.7364,57.1205],[17.7087,57.1331],[17.6834,57.1472],[17.6606,57.1626],[17.6408,57.1791],[17.6241,57.1965],[17.6106,57.2149],[17.5996,57.2337],[17.5922,57.253],[17.5881,57.2727],[17.5879,57.2925],[17.5912,57.3122],[17.5981,57.3316],[17.6063,57.3493],[17.6175,57.3664],[17.6315,57.383],[17.6483,57.3987],[17.6676,57.4137],[17.6894,57.4275],[17.7136,57.4403],[17.7161,57.4498],[17.7147,57.4666],[17.7158,57.4835],[17.7189,57.4985],[17.724,57.5133],[17.7312,57.5278],[17.7323,57.5434],[17.7354,57.5588],[17.7409,57.5741],[17.7499,57.5931],[17.7623,57.6117],[17.7781,57.6294],[17.8247,57.67],[17.8413,57.6828],[17.8598,57.6948],[17.8805,57.7101],[17.904,57.7242],[17.9522,57.7486],[18.0327,57.8007],[18.0453,57.814],[18.0597,57.8268],[18.0788,57.8558],[18.1124,57.8959],[18.1251,57.909],[18.1395,57.9216],[18.1559,57.9351],[18.1744,57.9478],[18.1947,57.9597],[18.2187,57.9723],[18.2448,57.9838],[18.2727,57.9939],[18.3261,58.0092],[18.3683,58.0355],[18.3955,58.0488],[18.4248,58.0607],[18.4499,58.0738],[18.4771,58.0855],[18.5063,58.0958],[18.5372,58.1047],[18.5939,58.1172],[18.619,58.1216],[18.9873,58.1773],[18.9588,58.1896],[18.9325,58.2033],[18.9091,58.2182],[18.8884,58.2344],[18.8707,58.2514],[18.8564,58.2694],[18.8408,58.2969],[18.8229,58.3173],[18.8103,58.335],[18.8011,58.3531],[18.7949,58.3717],[18.7923,58.3905],[18.7931,58.4093],[18.7971,58.4281],[18.8046,58.4465],[18.8154,58.4644],[18.8294,58.4818],[18.8464,58.4984],[18.8664,58.514],[18.8891,58.5286],[18.9143,58.5421],[18.942,58.5542],[18.9717,58.5649],[19.0093,58.5756],[19.0374,58.582],[19.0805,58.5896],[19.1178,58.5938],[19.1557,58.596],[19.2039,58.5967],[19.2394,58.5952],[19.4116,58.572],[19.4611,58.5605],[19.4869,58.5528],[19.5115,58.5441],[19.5747,58.5164],[19.6006,58.5035],[19.6242,58.4893],[19.645,58.4741],[19.6631,58.4579],[19.678,58.4409],[19.69,58.4232],[19.6986,58.4051],[19.7039,58.3865],[19.7059,58.3678],[19.7046,58.3491],[19.7,58.3305],[19.692,58.3122],[19.6808,58.2944],[19.6665,58.2772],[19.6493,58.2608],[19.6292,58.2453],[19.5969,58.2227],[19.5764,58.2097],[19.5541,58.1976],[19.5847,58.1866],[19.6131,58.1741],[19.639,58.1602],[19.6623,58.145],[19.6825,58.1286],[19.6996,58.1114],[19.7134,58.0932],[19.7239,58.0745],[19.7308,58.0553],[19.7341,58.0358],[19.7337,58.0163],[19.7354,57.9994],[19.7345,57.9826],[19.7309,57.9658],[19.7245,57.9492],[19.721,57.9302],[19.714,57.9114],[19.7037,57.893],[19.6901,57.8753],[19.6735,57.8583],[19.6538,57.8423],[19.4255,57.673],[19.3031,57.5766],[19.3499,57.5151],[19.3755,57.4399],[19.3545,57.359],[19.114,57.1919],[18.9931,57.105]]]}},{"type":"Feature","properties":{"descriptio":"","name":"","namn":"Göteborgs stift","skpkod":"08"},"geometry":{"type":"Polygon","coordinates":[[[13.2679,56.8518],[13.2806,56.843],[13.2864,56.8373],[13.2889,56.8364],[13.2893,56.8351],[13.2971,56.8309],[13.2982,56.8237],[13.3015,56.8141],[13.2997,56.8142],[13.3015,56.8092],[13.3031,56.8095],[13.3049,56.804],[13.315,56.7939],[13.3189,56.7822],[13.3198,56.7586],[13.3165,56.7303],[13.3171,56.7195],[13.325,56.7092],[13.3251,56.7076],[13.3218,56.7051],[13.3151,56.7023],[13.3167,56.7013],[13.3159,56.6923],[13.3078,56.6855],[13.3132,56.6879],[13.3161,56.6879],[13.3238,56.6862],[13.3283,56.6877],[13.3641,56.6651],[13.3712,56.6518],[13.376,56.6461],[13.379,56.6365],[13.3931,56.6207],[13.393,56.6195],[13.3973,56.6157],[13.3976,56.6088],[13.4043,56.5949],[13.4027,56.5942],[13.4025,56.5925],[13.4087,56.5885],[13.4112,56.5856],[13.4111,56.5842],[13.4131,56.5835],[13.4178,56.5776],[13.4271,56.5737],[13.4291,56.5743],[13.4309,56.574],[13.4399,56.5713],[13.4382,56.5698],[13.44,56.566],[13.44,56.5544],[13.4523,56.5409],[13.4596,56.528],[13.4629,56.5148],[13.4648,56.514],[13.4542,56.4975],[13.4543,56.4884],[13.4498,56.4722],[13.4499,56.4679],[13.4629,56.4514],[13.4646,56.4476],[13.4632,56.4446],[13.4674,56.4318],[13.4647,56.431],[13.46,56.4269],[13.4552,56.4244],[13.4393,56.4191],[13.4046,56.4157],[13.4043,56.415],[13.3856,56.4145],[13.3751,56.4092],[13.3467,56.3905],[13.339,56.3887],[13.3118,56.3869],[13.3048,56.3852],[13.2969,56.3811],[13.2929,56.3806],[13.2515,56.3577],[13.2553,56.3529],[13.2526,56.3494],[13.2496,56.3488],[13.2482,56.3464],[13.2288,56.3325],[13.2164,56.3272],[13.196,56.3241],[13.1879,56.3256],[13.1859,56.3329],[13.1812,56.3401],[13.1724,56.3428],[13.1526,56.3518],[13.1358,56.355],[13.1309,56.3558],[13.1186,56.3546],[13.1122,56.3523],[13.1093,56.3538],[13.0997,56.3526],[13.074,56.3518],[13.0636,56.354],[13.0489,56.3554],[13.037,56.3549],[12.9921,56.3572],[12.981,56.3583],[12.9784,56.3629],[12.9744,56.3668],[12.9675,56.3684],[12.9498,56.3693],[12.9524,56.3743],[12.968,56.389],[12.9627,56.3936],[12.9589,56.3941],[12.9529,56.3921],[12.9605,56.4008],[12.9647,56.4028],[12.9605,56.4053],[12.9672,56.4095],[12.9686,56.4114],[12.9671,56.4126],[12.9654,56.4122],[12.9578,56.4134],[12.9625,56.4179],[12.9626,56.4217],[12.9658,56.4277],[12.9524,56.4311],[12.9532,56.4356],[12.9551,56.4385],[12.9562,56.4384],[12.9577,56.44],[12.9552,56.4412],[12.951,56.4418],[12.9482,56.4413],[12.9449,56.4395],[12.9446,56.4402],[12.9417,56.4402],[12.9409,56.4395],[12.8955,56.4495],[12.7971,56.5522],[12.2409,56.5572],[12.2974,56.6365],[12.0058,56.9731],[11.6842,57.1731],[11.5858,57.383],[11.5209,57.453],[11.2026,57.6747],[11.1476,57.8346],[10.9893,57.983],[10.9652,58.0376],[10.8484,58.2576],[10.6739,58.4524],[10.6612,58.4683],[10.6511,58.4847],[10.6437,58.5015],[10.6391,58.5185],[10.5921,58.761],[10.6058,58.7974],[10.6379,58.8923],[10.9179,58.9423],[10.9832,58.9604],[11.0664,58.9774],[11.0924,58.9918],[11.1171,59.0151],[11.1535,59.0793],[11.2249,59.0876],[11.2583,59.0961],[11.289,59.0996],[11.3025,59.1062],[11.3399,59.115],[11.3684,59.0984],[11.3893,59.0771],[11.4142,59.0397],[11.4312,59.0279],[11.4426,59.0135],[11.4646,58.9912],[11.4564,58.9862],[11.4539,58.9855],[11.4623,58.9731],[11.4597,58.9525],[11.4637,58.9333],[11.4563,58.9166],[11.4572,58.8933],[11.4558,58.8892],[11.4574,58.8884],[11.4607,58.8897],[11.4829,58.8915],[11.4893,58.8908],[11.4917,58.8891],[11.5001,58.8894],[11.5139,58.8828],[11.5142,58.8818],[11.5168,58.8814],[11.5177,58.8795],[11.5239,58.8782],[11.5264,58.8769],[11.5292,58.8771],[11.5329,58.8791],[11.5374,58.8774],[11.539,58.8802],[11.5386,58.8827],[11.5344,58.8848],[11.5337,58.8861],[11.5362,58.8855],[11.5399,58.8867],[11.5406,58.8883],[11.5424,58.8882],[11.5463,58.8929],[11.5453,58.894],[11.5475,58.8956],[11.5489,58.8954],[11.5491,58.8967],[11.5513,58.8982],[11.5531,58.8981],[11.5534,58.8989],[11.5558,58.8988],[11.5608,58.8964],[11.5642,58.8925],[11.5725,58.8878],[11.5778,58.8975],[11.5827,58.8941],[11.5848,58.8946],[11.5906,58.8907],[11.6263,58.9055],[11.6304,58.9086],[11.652,58.9062],[11.6608,58.9065],[11.6689,58.8989],[11.6738,58.8985],[11.6777,58.896],[11.6758,58.8902],[11.6702,58.8865],[11.6788,58.8806],[11.6822,58.875],[11.6891,58.8737],[11.695,58.8761],[11.6995,58.8756],[11.7009,58.8735],[11.7075,58.8695],[11.7016,58.8672],[11.7028,58.8655],[11.7019,58.8638],[11.7042,58.8617],[11.7065,58.8629],[11.7102,58.8587],[11.7096,58.8579],[11.7073,58.8576],[11.7092,58.8568],[11.7085,58.8556],[11.711,58.856],[11.7132,58.8548],[11.7109,58.8513],[11.7129,58.851],[11.7151,58.8494],[11.7035,58.8437],[11.7028,58.8413],[11.7114,58.8358],[11.7205,58.8273],[11.7193,58.8231],[11.7144,58.816],[11.7149,58.8147],[11.7356,58.8142],[11.751,58.8168],[11.7561,58.819],[11.7754,58.8102],[11.782,58.8048],[11.7818,58.8031],[11.7859,58.7994],[11.7871,58.7963],[11.7917,58.795],[11.7923,58.7942],[11.7912,58.7884],[11.7927,58.7882],[11.7946,58.7804],[11.7937,58.7781],[11.7949,58.7736],[11.7936,58.7694],[11.7954,58.7662],[11.7942,58.7651],[11.7952,58.7642],[11.7965,58.7645],[11.7968,58.7635],[11.7988,58.7634],[11.798,58.7629],[11.8,58.7615],[11.7981,58.7602],[11.7991,58.7586],[11.7978,58.7588],[11.799,58.7544],[11.8002,58.7548],[11.8001,58.7539],[11.8014,58.7537],[11.803,58.7543],[11.8032,58.7525],[11.8055,58.7513],[11.8063,58.752],[11.8098,58.7517],[11.8126,58.7535],[11.8166,58.7512],[11.8197,58.7516],[11.8198,58.7495],[11.8211,58.749],[11.8414,58.754],[11.8474,58.7425],[11.844,58.7292],[11.8448,58.7266],[11.852,58.7227],[11.8703,58.7183],[11.8703,58.7173],[11.8746,58.7151],[11.8792,58.7145],[11.8799,58.7128],[11.8851,58.7129],[11.8863,58.7123],[11.8849,58.7121],[11.8856,58.7106],[11.8888,58.7117],[11.8997,58.7106],[11.9063,58.7061],[11.9064,58.7004],[11.9139,58.6954],[11.9175,58.6885],[11.9166,58.6871],[11.9191,58.6829],[11.9194,58.6788],[11.9221,58.6759],[11.9154,58.6729],[11.9095,58.6718],[11.9069,58.6692],[11.907,58.665],[11.9131,58.6595],[11.9111,58.6553],[11.9114,58.6479],[11.9095,58.6448],[11.9062,58.6429],[11.9063,58.6401],[11.8925,58.635],[11.8883,58.6311],[11.8829,58.6299],[11.8833,58.6274],[11.8815,58.6242],[11.8772,58.6228],[11.8723,58.6236],[11.8684,58.6221],[11.8611,58.6157],[11.859,58.6113],[11.844,58.6036],[11.8476,58.5931],[11.85,58.5918],[11.8571,58.5903],[11.8559,58.5875],[11.8576,58.5864],[11.8585,58.5822],[11.8557,58.581],[11.8565,58.5788],[11.8492,58.5739],[11.8525,58.5727],[11.8548,58.5585],[11.8461,58.5528],[11.8435,58.5429],[11.8404,58.5397],[11.8441,58.5376],[11.843,58.5326],[11.851,58.5285],[11.8631,58.5244],[11.8613,58.5172],[11.8688,58.518],[11.8745,58.5199],[11.8843,58.5173],[11.8844,58.5157],[11.8818,58.5141],[11.884,58.5108],[11.883,58.5075],[11.8797,58.5076],[11.8772,58.5088],[11.86,58.5072],[11.8725,58.5016],[11.8754,58.4995],[11.8754,58.4947],[11.874,58.4923],[11.8847,58.4914],[11.8843,58.4881],[11.8865,58.4876],[11.879,58.4808],[11.8782,58.4775],[11.8802,58.4764],[11.8783,58.4691],[11.8752,58.4673],[11.8798,58.4654],[11.8951,58.4648],[11.8953,58.4577],[11.9018,58.4514],[11.901,58.4502],[11.8961,58.4486],[11.8975,58.4461],[11.8955,58.4427],[11.8881,58.4383],[11.8844,58.4392],[11.8829,58.4388],[11.8834,58.438],[11.8791,58.4359],[11.8852,58.4322],[11.8934,58.4326],[11.9016,58.4343],[11.9039,58.4351],[11.9054,58.4382],[11.9144,58.435],[11.9222,58.4391],[11.923,58.4409],[11.9253,58.4416],[11.925,58.4429],[11.9306,58.4451],[11.9377,58.4429],[11.9402,58.4428],[11.9762,58.4528],[11.984,58.451],[12.0246,58.4476],[12.0241,58.4449],[12.0315,58.446],[12.036,58.4434],[12.0392,58.4428],[12.0488,58.4428],[12.0509,58.4417],[12.0567,58.4437],[12.0609,58.4433],[12.0662,58.4419],[12.0747,58.4371],[12.0789,58.433],[12.0865,58.4291],[12.0909,58.4252],[12.1027,58.4179],[12.1331,58.409],[12.138,58.4062],[12.1468,58.4041],[12.149,58.4029],[12.1551,58.3967],[12.1548,58.3898],[12.1485,58.3879],[12.1504,58.3856],[12.1313,58.3698],[12.1324,58.3683],[12.1305,58.3674],[12.1251,58.367],[12.1252,58.3679],[12.1235,58.3683],[12.1153,58.3663],[12.1169,58.3652],[12.1158,58.3581],[12.1095,58.356],[12.1057,58.351],[12.1003,58.351],[12.0996,58.3485],[12.1055,58.3487],[12.1067,58.3477],[12.1053,58.3473],[12.1077,58.347],[12.1062,58.3442],[12.1092,58.3423],[12.1096,58.3379],[12.1129,58.3358],[12.1118,58.3338],[12.1145,58.3314],[12.1136,58.3306],[12.1198,58.3272],[12.1202,58.3252],[12.1215,58.3253],[12.1223,58.3245],[12.1175,58.3233],[12.1183,58.3197],[12.1129,58.3174],[12.111,58.3134],[12.1085,58.3127],[12.1046,58.3137],[12.1025,58.313],[12.1039,58.3099],[12.1128,58.3058],[12.1176,58.3045],[12.1213,58.3043],[12.1276,58.3072],[12.1317,58.3069],[12.1364,58.3081],[12.1448,58.3082],[12.1523,58.2995],[12.1559,58.2973],[12.1555,58.2954],[12.1444,58.2878],[12.1419,58.2871],[12.1368,58.2815],[12.1374,58.2775],[12.1355,58.274],[12.1422,58.2735],[12.144,58.2727],[12.1473,58.2681],[12.156,58.2686],[12.1623,58.2701],[12.1681,58.2705],[12.1757,58.2734],[12.1866,58.2749],[12.1913,58.2737],[12.1941,58.2714],[12.1971,58.2712],[12.2044,58.2672],[12.22,58.2647],[12.2247,58.2599],[12.2235,58.2584],[12.2286,58.2565],[12.2183,58.2496],[12.2145,58.2478],[12.2076,58.246],[12.1936,58.2379],[12.1797,58.2276],[12.1718,58.2244],[12.1566,58.216],[12.1542,58.2135],[12.1538,58.2078],[12.1522,58.2053],[12.1461,58.203],[12.148,58.2011],[12.1523,58.2013],[12.1563,58.2002],[12.1618,58.2034],[12.1631,58.2012],[12.1669,58.2014],[12.1698,58.2004],[12.1704,58.1983],[12.1746,58.1974],[12.1745,58.1962],[12.1785,58.1929],[12.1819,58.1925],[12.1806,58.1904],[12.1831,58.1894],[12.1806,58.1877],[12.1783,58.1837],[12.1799,58.18],[12.176,58.1781],[12.1682,58.172],[12.162,58.1691],[12.1604,58.1664],[12.1668,58.1595],[12.1727,58.1564],[12.1736,58.1543],[12.1751,58.1546],[12.1796,58.1531],[12.1818,58.1468],[12.1898,58.138],[12.1878,58.1348],[12.1987,58.1319],[12.2006,58.1327],[12.2027,58.1294],[12.2077,58.1275],[12.2082,58.1249],[12.2118,58.1248],[12.2124,58.126],[12.2224,58.1227],[12.2292,58.1225],[12.2356,58.1187],[12.2394,58.1185],[12.2416,58.1161],[12.2454,58.1172],[12.2479,58.1191],[12.2527,58.1161],[12.2557,58.1155],[12.2638,58.1198],[12.2704,58.1206],[12.2769,58.123],[12.28,58.1229],[12.2775,58.1216],[12.3054,58.1231],[12.3053,58.1199],[12.3098,58.1199],[12.3128,58.1189],[12.3148,58.1201],[12.3222,58.1207],[12.3255,58.1192],[12.3265,58.1205],[12.324,58.1222],[12.3237,58.1239],[12.3397,58.1248],[12.3565,58.1235],[12.3563,58.126],[12.3619,58.1252],[12.37,58.126],[12.3737,58.1233],[12.3755,58.1173],[12.3853,58.1113],[12.3912,58.1109],[12.3917,58.1117],[12.3905,58.1124],[12.3912,58.1135],[12.3932,58.1139],[12.3948,58.1166],[12.3927,58.1181],[12.4029,58.1161],[12.4184,58.1112],[12.4242,58.1104],[12.4266,58.1089],[12.4301,58.0999],[12.4346,58.0935],[12.4306,58.0793],[12.4191,58.0654],[12.4181,58.0616],[12.4212,58.052],[12.4269,58.0493],[12.4241,58.047],[12.4238,58.0449],[12.4197,58.0418],[12.4187,58.0382],[12.4157,58.0364],[12.4196,58.0351],[12.4199,58.0328],[12.417,58.029],[12.4124,58.0261],[12.4116,58.0237],[12.4163,58.0233],[12.4188,58.0168],[12.4132,58.0123],[12.4141,58.0115],[12.4132,58.0074],[12.4153,58.0032],[12.4186,58.0023],[12.4132,57.9981],[12.4105,57.9923],[12.4117,57.9886],[12.4133,57.9874],[12.3922,57.9899],[12.3917,57.9907],[12.386,57.992],[12.3808,57.9916],[12.3742,57.9927],[12.372,57.9913],[12.3716,57.9892],[12.3685,57.9892],[12.3703,57.9865],[12.3524,57.9789],[12.3586,57.9747],[12.3617,57.9754],[12.3666,57.9749],[12.3646,57.9734],[12.3636,57.9704],[12.3698,57.9689],[12.3746,57.9704],[12.3764,57.9698],[12.3855,57.9712],[12.3636,57.9618],[12.3546,57.9567],[12.3577,57.9525],[12.3413,57.9484],[12.3417,57.9474],[12.3497,57.9488],[12.3548,57.9471],[12.3557,57.9419],[12.3622,57.9415],[12.3633,57.9396],[12.3618,57.9385],[12.3637,57.9381],[12.3646,57.9392],[12.3694,57.9393],[12.3736,57.9413],[12.3847,57.9357],[12.3878,57.936],[12.3978,57.9335],[12.3994,57.9306],[12.4121,57.9286],[12.4087,57.92],[12.3989,57.913],[12.3957,57.9058],[12.4059,57.8944],[12.3879,57.8956],[12.3974,57.8768],[12.433,57.885],[12.4426,57.8904],[12.4458,57.8847],[12.4429,57.8807],[12.4419,57.8747],[12.4455,57.8702],[12.4456,57.8663],[12.4435,57.8634],[12.4335,57.8553],[12.4337,57.8525],[12.4419,57.8446],[12.4311,57.839],[12.4256,57.8296],[12.4293,57.8285],[12.4482,57.8139],[12.4464,57.813],[12.4432,57.808],[12.4455,57.8044],[12.4564,57.7992],[12.4727,57.786],[12.4747,57.7865],[12.4745,57.7885],[12.4783,57.7929],[12.4841,57.7938],[12.4844,57.7921],[12.4895,57.7894],[12.4845,57.7765],[12.4981,57.7665],[12.5155,57.7619],[12.5184,57.7627],[12.5205,57.7653],[12.5437,57.7786],[12.5762,57.7915],[12.5862,57.7972],[12.5929,57.8046],[12.6,57.8097],[12.5927,57.8218],[12.5936,57.8225],[12.6083,57.8313],[12.6198,57.8334],[12.6394,57.8404],[12.6436,57.8429],[12.6443,57.8457],[12.6467,57.8457],[12.6494,57.8481],[12.6555,57.8496],[12.6583,57.8518],[12.661,57.857],[12.6639,57.8568],[12.6704,57.8598],[12.6807,57.8613],[12.7422,57.863],[12.7565,57.8654],[12.762,57.8597],[12.7638,57.8444],[12.7437,57.8348],[12.7561,57.832],[12.7495,57.8274],[12.7361,57.8211],[12.7209,57.819],[12.7191,57.8183],[12.7206,57.8178],[12.7073,57.8167],[12.7007,57.8082],[12.6993,57.8018],[12.7237,57.7927],[12.7264,57.7929],[12.7295,57.7893],[12.736,57.7885],[12.7363,57.7871],[12.7301,57.7839],[12.7269,57.7792],[12.7224,57.7755],[12.719,57.7627],[12.7199,57.7532],[12.7174,57.7528],[12.7112,57.741],[12.7144,57.7406],[12.7136,57.7379],[12.6977,57.7311],[12.7015,57.7275],[12.7015,57.725],[12.7067,57.7232],[12.7202,57.7257],[12.7216,57.724],[12.7166,57.7187],[12.7205,57.7169],[12.7355,57.7142],[12.7614,57.6986],[12.7539,57.6965],[12.7549,57.6908],[12.7514,57.6892],[12.7628,57.6861],[12.7086,57.6679],[12.7032,57.6687],[12.6944,57.6652],[12.6834,57.6628],[12.684,57.661],[12.6809,57.6622],[12.672,57.6581],[12.671,57.6565],[12.6726,57.6551],[12.6695,57.6538],[12.6674,57.6538],[12.6329,57.6417],[12.6421,57.635],[12.6454,57.6389],[12.653,57.6335],[12.6509,57.6326],[12.6508,57.629],[12.6573,57.6237],[12.656,57.6193],[12.654,57.6177],[12.6554,57.617],[12.6547,57.6138],[12.656,57.6136],[12.6574,57.6112],[12.6556,57.6098],[12.6568,57.6087],[12.6552,57.6075],[12.6559,57.6067],[12.6533,57.6048],[12.6543,57.6035],[12.6451,57.6001],[12.642,57.5955],[12.639,57.5958],[12.634,57.5947],[12.6375,57.5854],[12.6354,57.5826],[12.6347,57.5788],[12.6408,57.5764],[12.6424,57.5743],[12.6518,57.5683],[12.661,57.566],[12.6812,57.5693],[12.6835,57.5681],[12.6891,57.5683],[12.694,57.5646],[12.6974,57.5644],[12.6987,57.5654],[12.7057,57.5644],[12.7066,57.5655],[12.7093,57.5656],[12.7342,57.5598],[12.7431,57.5682],[12.7873,57.5855],[12.7896,57.5887],[12.7936,57.5894],[12.7976,57.5891],[12.8015,57.5911],[12.8125,57.5882],[12.84,57.5748],[12.8454,57.5716],[12.8435,57.5713],[12.8463,57.5706],[12.8469,57.5712],[12.849,57.5709],[12.8503,57.5718],[12.8519,57.5701],[12.8538,57.5712],[12.8553,57.5702],[12.8539,57.5671],[12.8664,57.5588],[12.865,57.5577],[12.8682,57.5569],[12.8689,57.556],[12.8698,57.5567],[12.878,57.5546],[12.8806,57.5557],[12.8792,57.5565],[12.8831,57.5585],[12.8998,57.5647],[12.9029,57.5641],[12.9165,57.5746],[12.92,57.573],[12.9206,57.5695],[12.9191,57.5634],[12.9208,57.5633],[12.9263,57.5641],[12.9287,57.5635],[12.9477,57.5733],[12.9544,57.5749],[12.9589,57.5749],[12.9592,57.5713],[12.9574,57.5699],[12.9574,57.5674],[12.9863,57.5723],[12.9916,57.5719],[12.9908,57.5736],[12.9956,57.5758],[12.9966,57.5771],[12.998,57.5772],[13.0019,57.5829],[13.0068,57.5866],[13.0136,57.5901],[13.0154,57.5887],[13.0173,57.5894],[13.0159,57.5912],[13.0226,57.5946],[13.0169,57.5966],[13.0178,57.5973],[13.0238,57.5952],[13.0251,57.5959],[13.022,57.5974],[13.0281,57.5996],[13.0288,57.6011],[13.0309,57.6017],[13.0326,57.6034],[13.0373,57.6032],[13.0423,57.6052],[13.0505,57.6056],[13.0524,57.6067],[13.056,57.606],[13.0766,57.6127],[13.0748,57.6159],[13.0759,57.6171],[13.0813,57.6185],[13.0904,57.6186],[13.0872,57.6235],[13.1103,57.6423],[13.1131,57.6469],[13.1149,57.6475],[13.1148,57.6507],[13.1165,57.6508],[13.1181,57.6565],[13.1079,57.6577],[13.1144,57.6668],[13.1207,57.6667],[13.1307,57.6685],[13.1353,57.6709],[13.1386,57.6691],[13.1497,57.6699],[13.1605,57.6744],[13.1617,57.6737],[13.1863,57.6735],[13.1886,57.6761],[13.193,57.6761],[13.1914,57.6735],[13.1929,57.6735],[13.1919,57.6717],[13.1932,57.6707],[13.1918,57.6696],[13.1983,57.6722],[13.2031,57.668],[13.206,57.6685],[13.2078,57.6678],[13.209,57.666],[13.2041,57.6626],[13.2056,57.6614],[13.2,57.6565],[13.212,57.6534],[13.2166,57.6454],[13.2188,57.6461],[13.2211,57.6455],[13.2197,57.6467],[13.2255,57.6479],[13.2275,57.6496],[13.2271,57.652],[13.2322,57.6542],[13.2383,57.6592],[13.2419,57.6596],[13.2502,57.664],[13.2554,57.6657],[13.2589,57.666],[13.261,57.6677],[13.2672,57.669],[13.2698,57.6704],[13.2755,57.6714],[13.2803,57.6712],[13.2902,57.6736],[13.2918,57.6676],[13.309,57.6677],[13.3135,57.6377],[13.3271,57.6361],[13.3294,57.6343],[13.3224,57.6315],[13.3214,57.624],[13.3187,57.619],[13.324,57.6167],[13.3226,57.6157],[13.3238,57.6148],[13.3276,57.6151],[13.333,57.6127],[13.3434,57.6134],[13.3456,57.6168],[13.3485,57.6186],[13.3513,57.619],[13.3504,57.6222],[13.3609,57.6284],[13.3723,57.6264],[13.3814,57.6209],[13.4091,57.6117],[13.4131,57.616],[13.4226,57.6164],[13.4378,57.6113],[13.4414,57.6108],[13.4536,57.6147],[13.4566,57.6139],[13.4625,57.6161],[13.4683,57.6195],[13.4748,57.6206],[13.4913,57.6412],[13.5037,57.6482],[13.5149,57.6562],[13.535,57.6732],[13.5388,57.6698],[13.5766,57.6542],[13.5764,57.6494],[13.5774,57.6478],[13.5806,57.6461],[13.5817,57.6483],[13.5837,57.6486],[13.5845,57.65],[13.5861,57.6496],[13.5826,57.6468],[13.5828,57.6459],[13.5884,57.6446],[13.5983,57.6446],[13.617,57.6458],[13.6439,57.6603],[13.6577,57.666],[13.6707,57.6761],[13.6801,57.675],[13.6849,57.6753],[13.6901,57.6726],[13.6947,57.6715],[13.7054,57.6727],[13.7073,57.6722],[13.7082,57.675],[13.707,57.6766],[13.7034,57.6782],[13.7036,57.6788],[13.7235,57.6818],[13.7248,57.6694],[13.7142,57.6516],[13.7125,57.6507],[13.7135,57.6499],[13.7076,57.6383],[13.6856,57.6324],[13.6825,57.6258],[13.6715,57.6275],[13.6707,57.6196],[13.6692,57.6186],[13.6712,57.6171],[13.6697,57.6153],[13.6669,57.615],[13.6689,57.6163],[13.6684,57.6178],[13.6642,57.615],[13.666,57.6117],[13.6687,57.6113],[13.6673,57.6093],[13.6702,57.6043],[13.6689,57.5945],[13.6694,57.594],[13.6791,57.5952],[13.6769,57.5901],[13.6735,57.5894],[13.6716,57.587],[13.674,57.5859],[13.674,57.585],[13.6786,57.5844],[13.6784,57.5822],[13.6802,57.5802],[13.6791,57.5776],[13.6813,57.5765],[13.6866,57.5764],[13.6862,57.5693],[13.6886,57.5583],[13.6682,57.5407],[13.6699,57.54],[13.6688,57.5382],[13.6579,57.5332],[13.6545,57.5306],[13.6493,57.5291],[13.6487,57.5267],[13.6467,57.5265],[13.6425,57.5243],[13.6348,57.5241],[13.6285,57.5223],[13.624,57.5201],[13.6184,57.5147],[13.61,57.5121],[13.6047,57.5076],[13.5953,57.4967],[13.5926,57.4908],[13.5905,57.4897],[13.5891,57.4856],[13.5869,57.4837],[13.5878,57.4815],[13.5859,57.4787],[13.5822,57.4778],[13.5832,57.4755],[13.5729,57.4703],[13.5714,57.4693],[13.5721,57.4685],[13.5703,57.4685],[13.5637,57.4634],[13.5456,57.444],[13.5313,57.4305],[13.5142,57.4282],[13.5043,57.4142],[13.5155,57.4102],[13.5158,57.405],[13.5135,57.4034],[13.5116,57.3982],[13.5097,57.3973],[13.4884,57.3956],[13.4819,57.3932],[13.4799,57.3899],[13.4761,57.3891],[13.4771,57.3881],[13.4741,57.3863],[13.4722,57.381],[13.4692,57.3773],[13.4671,57.377],[13.4684,57.3713],[13.4631,57.3719],[13.4541,57.3706],[13.4517,57.3715],[13.4474,57.3711],[13.4443,57.3723],[13.4428,57.3706],[13.4356,57.3691],[13.4331,57.3664],[13.4332,57.3618],[13.4299,57.3577],[13.4346,57.3561],[13.4363,57.3527],[13.433,57.349],[13.4016,57.3406],[13.3969,57.3403],[13.3945,57.3418],[13.3878,57.341],[13.3862,57.3402],[13.3861,57.3371],[13.3817,57.3349],[13.3772,57.3279],[13.3702,57.324],[13.3702,57.3226],[13.3666,57.3222],[13.3614,57.3231],[13.3516,57.3213],[13.3469,57.3181],[13.3432,57.3184],[13.3384,57.3176],[13.3335,57.3158],[13.3335,57.3164],[13.3317,57.3166],[13.3207,57.3152],[13.3057,57.3119],[13.3001,57.3117],[13.2821,57.3075],[13.2872,57.3017],[13.2861,57.2997],[13.2885,57.2972],[13.2876,57.2955],[13.2891,57.2936],[13.2891,57.289],[13.2875,57.2876],[13.2874,57.2827],[13.2846,57.2795],[13.2848,57.2756],[13.2817,57.2703],[13.2797,57.2691],[13.2755,57.2691],[13.273,57.268],[13.2727,57.2629],[13.2707,57.2606],[13.2676,57.2599],[13.2654,57.2581],[13.2663,57.2548],[13.2638,57.2528],[13.2633,57.2504],[13.2619,57.2492],[13.2596,57.2497],[13.2577,57.2522],[13.2587,57.2546],[13.257,57.2554],[13.2528,57.2552],[13.2461,57.2579],[13.2458,57.2594],[13.243,57.2597],[13.2289,57.2594],[13.2272,57.2568],[13.224,57.2551],[13.2109,57.2506],[13.1993,57.2504],[13.1955,57.2432],[13.1879,57.2366],[13.1893,57.2353],[13.1899,57.2296],[13.1941,57.2274],[13.1752,57.2111],[13.1764,57.209],[13.1696,57.2033],[13.169,57.2008],[13.1658,57.1995],[13.1646,57.1959],[13.1656,57.194],[13.1585,57.1904],[13.1515,57.178],[13.1382,57.1735],[13.1382,57.171],[13.1365,57.169],[13.1383,57.1676],[13.1307,57.1641],[13.1255,57.1574],[13.1201,57.1548],[13.1169,57.1493],[13.1114,57.1467],[13.1003,57.1456],[13.0807,57.1323],[13.0804,57.1286],[13.0771,57.1276],[13.0813,57.1248],[13.0911,57.1291],[13.0991,57.1285],[13.0969,57.126],[13.0935,57.1254],[13.0942,57.1243],[13.0908,57.1238],[13.0933,57.1197],[13.0845,57.1126],[13.0879,57.1107],[13.0883,57.1068],[13.0899,57.1056],[13.0791,57.0989],[13.0848,57.0937],[13.0896,57.0861],[13.0852,57.0854],[13.0812,57.0836],[13.0874,57.078],[13.0945,57.0757],[13.0954,57.0734],[13.1003,57.0741],[13.0991,57.0701],[13.1035,57.0686],[13.107,57.0656],[13.1132,57.0643],[13.1163,57.0644],[13.1148,57.0602],[13.1195,57.0591],[13.1214,57.0568],[13.1217,57.0535],[13.1165,57.0499],[13.1167,57.0479],[13.1145,57.047],[13.1151,57.0429],[13.1133,57.0408],[13.1219,57.0358],[13.1178,57.0331],[13.1221,57.0268],[13.1212,57.0251],[13.1188,57.0248],[13.1188,57.0242],[13.1261,57.0199],[13.1355,57.0013],[13.1306,56.987],[13.1413,56.987],[13.1474,56.9882],[13.1532,56.9872],[13.1537,56.9857],[13.1497,56.9831],[13.1472,56.9786],[13.148,56.9776],[13.154,56.977],[13.1535,56.9766],[13.1562,56.9757],[13.1623,56.9755],[13.1677,56.9777],[13.1828,56.975],[13.1808,56.9721],[13.1778,56.9703],[13.1663,56.9673],[13.1753,56.9646],[13.1721,56.9611],[13.1781,56.9592],[13.1789,56.9543],[13.1849,56.9504],[13.183,56.9491],[13.1835,56.9468],[13.2088,56.9338],[13.217,56.9332],[13.2164,56.93],[13.2207,56.9253],[13.2176,56.922],[13.2215,56.916],[13.2335,56.9093],[13.2357,56.9071],[13.2432,56.9065],[13.2493,56.9038],[13.2534,56.8976],[13.2578,56.8962],[13.2601,56.8927],[13.2615,56.889],[13.2579,56.8881],[13.2568,56.8864],[13.2656,56.8817],[13.266,56.8781],[13.2698,56.8772],[13.2701,56.8756],[13.2728,56.8734],[13.2747,56.8743],[13.2773,56.874],[13.2763,56.8712],[13.2805,56.8641],[13.2694,56.8562],[13.2679,56.8518]]]}},{"type":"Feature","properties":{"descriptio":"","name":"","namn":"Härnösands stift","skpkod":"10"},"geometry":{"type":"Polygon","coordinates":[[[18.2876,62.4174],[18.1158,62.0872],[17.5279,62.1326],[17.3197,62.1571],[17.2449,62.1508],[17.2164,62.1502],[17.2164,62.1522],[17.2116,62.1537],[17.207,62.1612],[17.1612,62.1624],[17.1593,62.1632],[17.1531,62.1619],[17.15,62.1607],[17.1509,62.1599],[17.149,62.1604],[17.1486,62.1598],[17.1514,62.1593],[17.1496,62.1593],[17.1457,62.1569],[17.1416,62.1573],[17.1379,62.1565],[17.1312,62.1576],[17.1292,62.1567],[17.1235,62.1566],[17.1169,62.1556],[17.1121,62.1559],[17.1087,62.1575],[17.105,62.1561],[17.0991,62.1564],[17.0846,62.162],[17.07,62.1639],[17.0328,62.16],[16.9754,62.1651],[16.9618,62.1629],[16.9446,62.1662],[16.9455,62.1703],[16.9424,62.1716],[16.9381,62.1701],[16.9338,62.1717],[16.9344,62.168],[16.8915,62.176],[16.8014,62.2028],[16.7174,62.208],[16.6327,62.2142],[16.5209,62.233],[16.4353,62.2362],[16.2312,62.2343],[16.0134,62.2592],[15.6132,62.3435],[15.5053,62.3386],[15.4394,62.319],[15.3785,62.2972],[15.3261,62.272],[15.3487,62.225],[15.3567,62.2136],[15.3992,62.1948],[15.4014,62.1832],[15.4292,62.1449],[15.4172,62.1114],[15.3402,62.0913],[15.262,62.0573],[15.2119,62.0394],[15.2095,62.0377],[15.2078,62.0383],[15.0921,61.9969],[15.1094,61.9664],[15.1106,61.9568],[15.1406,61.9522],[15.1125,61.9355],[15.1159,61.8944],[15.0854,61.8962],[15.1086,61.844],[15.0918,61.8191],[15.0476,61.8239],[15.045,61.868],[14.9285,61.8771],[14.9094,61.8805],[14.9049,61.8793],[14.9218,61.8419],[14.9278,61.8213],[14.8654,61.8091],[14.8631,61.8274],[14.8058,61.8862],[14.7609,61.8641],[14.8093,61.8182],[14.8417,61.8042],[14.8563,61.7836],[14.8286,61.7909],[14.8276,61.7903],[14.8031,61.7956],[14.7852,61.8046],[14.772,61.8153],[14.7693,61.8161],[14.768,61.8179],[14.7627,61.8206],[14.7639,61.823],[14.745,61.838],[14.7432,61.8411],[14.738,61.8428],[14.7336,61.8495],[14.7194,61.8616],[14.7121,61.87],[14.7049,61.8761],[14.7014,61.8764],[14.6987,61.8795],[14.7003,61.8805],[14.699,61.8819],[14.6996,61.8848],[14.6975,61.8857],[14.698,61.887],[14.6914,61.8944],[14.691,61.8976],[14.6864,61.9016],[14.6729,61.8966],[14.5303,61.7838],[14.5248,61.7846],[14.5164,61.7344],[14.5223,61.7341],[14.5209,61.7268],[14.5152,61.7272],[14.4994,61.6259],[14.3946,61.5639],[14.3361,61.5994],[14.2851,61.6082],[14.1822,61.6176],[14.0525,61.6193],[13.9768,61.6214],[13.8979,61.6351],[13.8161,61.6425],[13.7531,61.6416],[13.5984,61.6563],[13.5592,61.6435],[13.4899,61.69],[13.4962,61.7135],[13.4998,61.7097],[13.497,61.7089],[13.4966,61.707],[13.498,61.7056],[13.496,61.703],[13.4973,61.702],[13.5017,61.7022],[13.5054,61.7049],[13.5057,61.7069],[13.5073,61.7078],[13.5092,61.7075],[13.5083,61.7084],[13.5115,61.7098],[13.4975,61.7183],[13.4982,61.7255],[13.4958,61.7299],[13.4431,61.7736],[13.4132,61.7965],[13.3832,61.834],[13.2613,61.9128],[13.2003,61.9291],[13.2376,61.942],[13.3919,62.0008],[13.2935,62.0116],[13.2861,62.0581],[13.2191,62.0408],[13.1587,62.0197],[13.1164,62.0418],[13.0449,62.0621],[13.0384,62.0714],[13.0035,62.0658],[12.9814,62.0932],[12.9514,62.1334],[12.9026,62.1419],[12.8065,62.2202],[12.6078,62.2148],[12.3505,62.2566],[12.2994,62.2675],[12.1055,62.5411],[12.0561,62.6119],[12.1364,62.7479],[12.0747,62.9025],[12.2182,63.0003],[11.9746,63.2692],[12.0841,63.3556],[12.1401,63.4107],[12.2129,63.4786],[12.1498,63.5939],[12.2273,63.6309],[12.2995,63.672],[12.3306,63.7151],[12.4802,63.8188],[12.5381,63.8623],[12.6836,63.9742],[12.9267,64.058],[13.2111,64.0954],[13.3785,64.0797],[13.5377,64.0655],[13.7154,64.0463],[13.9675,64.008],[14.0266,64.0644],[14.1571,64.1951],[14.1447,64.2843],[14.1139,64.4625],[14.0852,64.4782],[13.8912,64.5071],[13.6543,64.5803],[13.7055,64.64],[14.0773,64.9389],[14.1299,64.9786],[14.326,65.1189],[14.613,65.0024],[14.6975,64.9905],[14.7063,64.9822],[14.7028,64.9788],[14.7056,64.9778],[14.7054,64.9757],[14.7091,64.973],[14.7106,64.9703],[14.7143,64.9688],[14.7124,64.9658],[14.7143,64.9633],[14.7117,64.9607],[14.7183,64.9602],[14.7235,64.9561],[14.7322,64.9543],[14.739,64.9543],[14.7423,64.9535],[14.7442,64.9545],[14.7501,64.955],[14.7543,64.9543],[14.756,64.9487],[14.7661,64.9465],[14.7785,64.9398],[14.7798,64.9383],[14.7791,64.9344],[14.7756,64.9292],[14.7775,64.9232],[14.7806,64.9221],[14.7807,64.9205],[14.7793,64.9181],[14.7723,64.9135],[14.7798,64.9127],[14.7831,64.91],[14.7863,64.909],[14.8023,64.9076],[14.8096,64.9059],[14.8131,64.9037],[14.82,64.9017],[14.8213,64.8999],[14.8236,64.8999],[14.8275,64.8977],[14.8274,64.8961],[14.8315,64.8961],[14.8414,64.8924],[14.8447,64.8898],[14.8428,64.8874],[14.8466,64.8829],[14.8392,64.8803],[14.8374,64.8781],[14.8412,64.8766],[14.8553,64.8748],[14.8639,64.8686],[14.8798,64.8646],[14.9359,64.8571],[14.9739,64.8461],[15.0244,64.8038],[15.0263,64.8017],[15.0255,64.7972],[15.0353,64.7914],[15.0362,64.7892],[15.0344,64.7839],[15.028,64.7809],[15.0269,64.7791],[15.0302,64.7763],[15.0326,64.7709],[15.0314,64.7694],[15.0278,64.7687],[15.0272,64.7668],[15.0329,64.7604],[15.0417,64.7585],[15.0448,64.756],[15.0592,64.7536],[15.0624,64.7516],[15.0878,64.7518],[15.1023,64.753],[15.1178,64.7528],[15.1355,64.7503],[15.1369,64.7468],[15.1466,64.7442],[15.1751,64.7404],[15.1817,64.7414],[15.1862,64.7405],[15.1981,64.733],[15.2247,64.7227],[15.2319,64.7163],[15.2654,64.6999],[15.272,64.6915],[15.2755,64.6895],[15.2805,64.6889],[15.2806,64.6862],[15.2912,64.6775],[15.3086,64.6783],[15.3231,64.6742],[15.3344,64.669],[15.3336,64.6589],[15.3354,64.6569],[15.3348,64.654],[15.3363,64.6503],[15.3415,64.6467],[15.283,64.6399],[15.2416,64.6362],[15.241,64.6348],[15.2475,64.6338],[15.2484,64.631],[15.2512,64.63],[15.2593,64.6293],[15.2639,64.6279],[15.2649,64.6265],[15.2697,64.6264],[15.2708,64.6269],[15.2793,64.6262],[15.2814,64.627],[15.2876,64.6255],[15.3012,64.625],[15.3156,64.6207],[15.3277,64.6142],[15.327,64.613],[15.3327,64.6096],[15.3368,64.6047],[15.3473,64.5967],[15.3645,64.5896],[15.3617,64.5879],[15.3701,64.5837],[15.3746,64.5831],[15.3816,64.5837],[15.3872,64.582],[15.3956,64.5823],[15.4009,64.5811],[15.408,64.5819],[15.4175,64.5793],[15.42,64.5817],[15.4248,64.5837],[15.4277,64.5834],[15.4323,64.579],[15.4339,64.5723],[15.4376,64.5695],[15.4378,64.5625],[15.4408,64.5602],[15.4386,64.5585],[15.4396,64.5572],[15.443,64.5563],[15.4489,64.5564],[15.4557,64.5541],[15.4619,64.5496],[15.4639,64.5494],[15.4635,64.5485],[15.4662,64.548],[15.4734,64.5489],[15.4765,64.547],[15.4762,64.5444],[15.4942,64.5398],[15.4993,64.5374],[15.5086,64.5359],[15.5208,64.5322],[15.5331,64.5237],[15.5432,64.5186],[15.5412,64.5107],[15.5385,64.5072],[15.5405,64.5039],[15.5443,64.5013],[15.5531,64.4987],[15.5573,64.4962],[15.5534,64.4936],[15.5534,64.4864],[15.5569,64.4813],[15.5649,64.4763],[15.567,64.469],[15.571,64.4653],[15.5765,64.4624],[15.5774,64.455],[15.5825,64.4553],[15.5811,64.4539],[15.5774,64.4545],[15.58,64.4492],[15.5771,64.4449],[15.5795,64.4434],[15.6472,64.448],[15.6362,64.5196],[15.7044,64.538],[15.7402,64.4041],[15.7415,64.4038],[15.7536,64.407],[15.869,64.382],[15.8537,64.3756],[16.0224,64.3328],[16.0228,64.2695],[16.0197,64.2691],[16.0425,64.2489],[16.1095,64.2632],[16.119,64.2609],[16.1259,64.2617],[16.1448,64.2677],[16.1654,64.2612],[16.2193,64.264],[16.6682,64.0527],[16.6671,64.0522],[16.8783,63.9507],[17.0669,63.9316],[17.2314,63.9164],[17.3345,63.9077],[17.5136,63.894],[17.7334,63.8801],[17.9558,63.9222],[18.4065,63.9958],[18.4273,63.991],[18.4465,63.9827],[18.4541,63.9804],[18.4555,63.9793],[18.4542,63.9775],[18.4619,63.9761],[18.465,63.9748],[18.4652,63.973],[18.4709,63.9689],[18.4745,63.9637],[18.4757,63.9597],[18.4755,63.9574],[18.4726,63.9551],[18.4735,63.953],[18.468,63.9507],[18.463,63.9443],[18.4626,63.9401],[18.4653,63.9366],[18.4654,63.932],[18.4559,63.9322],[18.4402,63.9346],[18.4325,63.9333],[18.4279,63.934],[18.4205,63.9339],[18.4175,63.9324],[18.418,63.93],[18.4108,63.9287],[18.4064,63.9266],[18.4082,63.9215],[18.4262,63.92],[18.4299,63.9151],[18.426,63.909],[18.4398,63.893],[18.4498,63.8887],[18.4512,63.8889],[18.4792,63.8661],[18.4723,63.8638],[18.482,63.8561],[18.4818,63.852],[18.4836,63.8503],[18.4855,63.8426],[18.5944,63.8226],[18.6376,63.8262],[18.6844,63.8203],[18.6852,63.8188],[18.7025,63.8162],[18.7032,63.8096],[18.7219,63.8064],[18.7573,63.8104],[18.8072,63.7885],[18.8007,63.7811],[18.82,63.7735],[18.9015,63.7826],[18.9148,63.7779],[18.9619,63.7605],[18.9507,63.729],[18.9713,63.7342],[18.9971,63.7313],[19.0158,63.7159],[19.0443,63.6888],[19.0775,63.6699],[19.1818,63.5984],[19.1909,63.5719],[19.2867,63.4701],[19.2928,63.4698],[19.2926,63.4682],[19.2865,63.4634],[19.4057,63.3326],[19.6076,63.1022],[19.4283,63.0763],[19.4093,63.068],[18.9818,62.8306],[18.7345,62.6853],[18.4038,62.4804],[18.3824,62.468],[18.2876,62.4174]]]}},{"type":"Feature","properties":{"descriptio":"","name":"","namn":"Skara stift","skpkod":"03"},"geometry":{"type":"Polygon","coordinates":[[[12.4845,57.7765],[12.4895,57.7894],[12.4844,57.7921],[12.4841,57.7938],[12.4807,57.7935],[12.4783,57.7929],[12.4745,57.7885],[12.4747,57.7865],[12.4725,57.7861],[12.4564,57.7992],[12.4443,57.8054],[12.4432,57.808],[12.4464,57.813],[12.4482,57.8139],[12.4293,57.8285],[12.4256,57.8296],[12.4311,57.839],[12.4419,57.8446],[12.4337,57.8525],[12.4335,57.8553],[12.4435,57.8634],[12.4456,57.8663],[12.4455,57.8702],[12.4419,57.8747],[12.4429,57.8807],[12.4458,57.8847],[12.4426,57.8904],[12.433,57.885],[12.3974,57.8768],[12.3879,57.8956],[12.4059,57.8944],[12.3957,57.9058],[12.3989,57.913],[12.4087,57.92],[12.4121,57.9286],[12.3994,57.9306],[12.3978,57.9335],[12.3878,57.936],[12.3847,57.9357],[12.3736,57.9413],[12.3694,57.9393],[12.3646,57.9392],[12.3637,57.9381],[12.3618,57.9385],[12.3633,57.9396],[12.3622,57.9415],[12.3557,57.9419],[12.3548,57.9471],[12.3497,57.9488],[12.3417,57.9474],[12.3413,57.9484],[12.3577,57.9525],[12.3546,57.9567],[12.3636,57.9618],[12.3855,57.9712],[12.3764,57.9698],[12.3746,57.9704],[12.3698,57.9689],[12.3636,57.9704],[12.3646,57.9734],[12.3666,57.9749],[12.3617,57.9754],[12.3586,57.9747],[12.3524,57.9789],[12.3703,57.9865],[12.3685,57.9892],[12.3716,57.9892],[12.372,57.9913],[12.3742,57.9927],[12.3808,57.9916],[12.386,57.992],[12.3917,57.9907],[12.3922,57.9899],[12.4133,57.9874],[12.4117,57.9886],[12.4105,57.9923],[12.4132,57.9981],[12.4186,58.0023],[12.4153,58.0032],[12.4132,58.0074],[12.4141,58.0115],[12.4132,58.0123],[12.4188,58.0168],[12.4163,58.0233],[12.4116,58.0237],[12.4124,58.0261],[12.417,58.029],[12.4199,58.0328],[12.4196,58.0351],[12.4157,58.0364],[12.4187,58.0382],[12.4197,58.0418],[12.4238,58.0449],[12.4241,58.047],[12.4269,58.0493],[12.4212,58.052],[12.4181,58.0616],[12.4191,58.0654],[12.4306,58.0793],[12.4346,58.0935],[12.4301,58.0999],[12.4266,58.1089],[12.4242,58.1104],[12.4184,58.1112],[12.4029,58.1161],[12.3927,58.1181],[12.3948,58.1166],[12.3932,58.1139],[12.3912,58.1135],[12.3905,58.1124],[12.3917,58.1117],[12.3912,58.1109],[12.3853,58.1113],[12.3755,58.1173],[12.3737,58.1233],[12.37,58.126],[12.3619,58.1252],[12.3563,58.126],[12.3565,58.1235],[12.3397,58.1248],[12.3237,58.1239],[12.324,58.1222],[12.3265,58.1205],[12.3255,58.1192],[12.3222,58.1207],[12.3148,58.1201],[12.3128,58.1189],[12.3098,58.1199],[12.3053,58.1199],[12.3054,58.1231],[12.2775,58.1216],[12.28,58.1229],[12.2769,58.123],[12.2704,58.1206],[12.2638,58.1198],[12.2557,58.1155],[12.2527,58.1161],[12.2479,58.1191],[12.2454,58.1172],[12.2416,58.1161],[12.2394,58.1185],[12.2356,58.1187],[12.2292,58.1225],[12.2224,58.1227],[12.2124,58.126],[12.2118,58.1248],[12.2082,58.1249],[12.2077,58.1275],[12.2027,58.1294],[12.2006,58.1327],[12.1987,58.1319],[12.1878,58.1348],[12.1898,58.138],[12.1818,58.1468],[12.1796,58.1531],[12.1751,58.1546],[12.1736,58.1543],[12.1727,58.1564],[12.1668,58.1595],[12.1604,58.1664],[12.162,58.1691],[12.1682,58.172],[12.176,58.1781],[12.1799,58.18],[12.1783,58.1837],[12.1806,58.1877],[12.1831,58.1894],[12.1806,58.1904],[12.1819,58.1925],[12.1785,58.1929],[12.1745,58.1962],[12.1746,58.1974],[12.1704,58.1983],[12.1698,58.2004],[12.1669,58.2014],[12.1631,58.2012],[12.1618,58.2034],[12.1563,58.2002],[12.1523,58.2013],[12.148,58.2011],[12.1461,58.203],[12.1522,58.2053],[12.1538,58.2078],[12.1542,58.2135],[12.1566,58.216],[12.1718,58.2244],[12.1797,58.2276],[12.1936,58.2379],[12.2076,58.246],[12.2145,58.2478],[12.2183,58.2496],[12.2286,58.2565],[12.2235,58.2584],[12.2247,58.2599],[12.22,58.2647],[12.2044,58.2672],[12.1971,58.2712],[12.1941,58.2714],[12.1913,58.2737],[12.1866,58.2749],[12.1757,58.2734],[12.1681,58.2705],[12.1511,58.2682],[12.1473,58.2681],[12.1455,58.2712],[12.1422,58.2735],[12.1355,58.274],[12.1374,58.2775],[12.1368,58.2815],[12.1419,58.2871],[12.1444,58.2878],[12.1555,58.2954],[12.156,58.2972],[12.1523,58.2995],[12.1448,58.3082],[12.1364,58.3081],[12.1317,58.3069],[12.1276,58.3072],[12.1213,58.3043],[12.1176,58.3045],[12.1128,58.3058],[12.1031,58.3109],[12.1025,58.313],[12.1046,58.3137],[12.1085,58.3127],[12.111,58.3134],[12.1129,58.3174],[12.1183,58.3197],[12.1175,58.3233],[12.1223,58.3245],[12.1215,58.3253],[12.1202,58.3252],[12.1198,58.3272],[12.1136,58.3306],[12.1145,58.3314],[12.1118,58.3338],[12.1129,58.3358],[12.1096,58.3379],[12.1092,58.3423],[12.1062,58.3442],[12.1077,58.347],[12.1053,58.3473],[12.1067,58.3477],[12.1055,58.3487],[12.0996,58.3485],[12.1003,58.351],[12.1057,58.351],[12.1095,58.356],[12.1158,58.3581],[12.1169,58.3652],[12.1153,58.3663],[12.1235,58.3683],[12.1252,58.3679],[12.1251,58.367],[12.1318,58.3679],[12.1329,58.3689],[12.1313,58.3698],[12.1504,58.3856],[12.1485,58.3879],[12.1548,58.3898],[12.1571,58.3826],[12.1645,58.3808],[12.1841,58.3887],[12.1898,58.3868],[12.1948,58.3877],[12.1941,58.3887],[12.1995,58.39],[12.2006,58.3888],[12.2034,58.3891],[12.2043,58.3881],[12.2081,58.3877],[12.2093,58.3882],[12.2168,58.3859],[12.2195,58.3861],[12.2186,58.3855],[12.2352,58.3848],[12.2365,58.3811],[12.2415,58.3799],[12.2508,58.3842],[12.272,58.3833],[12.2819,58.3848],[12.2827,58.3842],[12.2842,58.3849],[12.2853,58.383],[12.2899,58.3873],[12.2921,58.3881],[12.2983,58.387],[12.3042,58.3838],[12.3307,58.3959],[12.3669,58.3969],[12.5687,58.5045],[12.627,58.538],[12.7427,58.5677],[12.842,58.6752],[12.8996,58.8143],[13.1514,58.7552],[13.1795,58.7556],[13.2532,58.7253],[13.4251,58.7459],[13.3385,58.8124],[13.4242,58.9594],[13.5888,59.0593],[13.9585,59.0319],[14.0441,59.0286],[14.0331,59.0374],[14.0382,59.0429],[14.0479,59.0448],[14.0557,59.0444],[14.0629,59.0451],[14.075,59.0502],[14.0822,59.0484],[14.0993,59.0478],[14.119,59.05],[14.1298,59.0492],[14.142,59.0525],[14.1531,59.0491],[14.1623,59.0479],[14.167,59.0443],[14.1719,59.0423],[14.18,59.0408],[14.2242,59.0455],[14.2317,59.0292],[14.2649,59.0159],[14.2979,59.0122],[14.2852,58.9483],[14.3166,58.9282],[14.3236,58.9217],[14.3214,58.92],[14.3231,58.9195],[14.3204,58.9164],[14.3223,58.9158],[14.3251,58.9116],[14.3244,58.9062],[14.322,58.9058],[14.3241,58.9051],[14.3239,58.9037],[14.3298,58.903],[14.3306,58.9013],[14.3335,58.9013],[14.3368,58.8994],[14.3374,58.8964],[14.3442,58.8968],[14.3545,58.8985],[14.357,58.8998],[14.3614,58.8981],[14.3612,58.8968],[14.3589,58.8969],[14.3589,58.895],[14.3646,58.8944],[14.3665,58.8949],[14.3645,58.8916],[14.3688,58.8884],[14.3723,58.8881],[14.3725,58.8849],[14.3739,58.8833],[14.3815,58.8832],[14.3851,58.8847],[14.3952,58.8834],[14.3957,58.882],[14.3938,58.8793],[14.3855,58.8788],[14.3847,58.8778],[14.3867,58.8737],[14.3891,58.8725],[14.3895,58.8713],[14.3909,58.8713],[14.3934,58.8682],[14.3968,58.8679],[14.3963,58.8647],[14.399,58.8643],[14.3936,58.8614],[14.3893,58.8614],[14.3843,58.8649],[14.3853,58.8657],[14.3842,58.8676],[14.3788,58.8658],[14.3737,58.8594],[14.3641,58.8575],[14.365,58.8558],[14.3664,58.8562],[14.3672,58.8556],[14.3599,58.853],[14.36,58.8501],[14.3699,58.8483],[14.3661,58.8443],[14.3695,58.8438],[14.3778,58.8441],[14.3787,58.8434],[14.3896,58.8458],[14.3825,58.8298],[14.3863,58.8301],[14.3888,58.8262],[14.4214,58.7947],[14.4379,58.7936],[14.4705,58.781],[14.4754,58.7365],[14.4701,58.7215],[14.4768,58.7134],[14.4926,58.7118],[14.5056,58.7136],[14.5052,58.7147],[14.5071,58.7162],[14.5097,58.7167],[14.51,58.7175],[14.5115,58.7172],[14.5147,58.719],[14.5115,58.72],[14.5148,58.7216],[14.5164,58.7237],[14.5178,58.7231],[14.5203,58.7234],[14.5207,58.7223],[14.5272,58.7235],[14.5322,58.7183],[14.5331,58.7161],[14.531,58.7157],[14.534,58.7127],[14.546,58.7187],[14.5504,58.7129],[14.5495,58.7115],[14.5529,58.71],[14.5554,58.7053],[14.546,58.6884],[14.5368,58.6777],[14.5407,58.6769],[14.5436,58.6785],[14.5476,58.6794],[14.5514,58.6792],[14.5537,58.6802],[14.5615,58.6812],[14.5782,58.6821],[14.6119,58.6909],[14.6115,58.6921],[14.6148,58.6935],[14.6264,58.6943],[14.6216,58.7373],[14.6913,58.7401],[14.6925,58.7263],[14.6957,58.7211],[14.6905,58.7181],[14.6897,58.7166],[14.6922,58.7149],[14.6892,58.7126],[14.6917,58.7109],[14.6959,58.7047],[14.6974,58.7043],[14.6993,58.7007],[14.6981,58.699],[14.6989,58.6966],[14.7035,58.6963],[14.7027,58.6942],[14.7052,58.6926],[14.7078,58.6923],[14.7788,58.6462],[14.6735,58.5101],[14.5425,58.3797],[14.5204,58.356],[14.4177,58.1911],[14.3143,58.1318],[14.2372,58.0277],[14.2046,57.9007],[14.1363,57.8868],[14.1188,57.8777],[14.1166,57.8774],[14.1174,57.8767],[14.1154,57.8755],[14.1158,57.8742],[14.1112,57.873],[14.1084,57.8733],[14.1051,57.8707],[14.1059,57.8694],[14.1013,57.868],[14.1017,57.866],[14.1051,57.8655],[14.1036,57.8642],[14.1022,57.8641],[14.1031,57.8625],[14.0997,57.8597],[14.0998,57.8588],[14.102,57.8586],[14.1007,57.8579],[14.0955,57.8571],[14.0935,57.8577],[14.0798,57.8565],[14.0758,57.8538],[14.0715,57.853],[14.0731,57.8555],[14.0694,57.8559],[14.0679,57.8584],[14.0648,57.858],[14.0594,57.8587],[14.0587,57.8597],[14.0605,57.8608],[14.0576,57.8616],[14.0579,57.8624],[14.0545,57.8619],[14.0546,57.8624],[14.0492,57.8638],[14.0474,57.8649],[14.0463,57.8633],[14.0412,57.862],[14.0415,57.8611],[14.0437,57.8608],[14.0426,57.8586],[14.0358,57.8578],[14.0353,57.8593],[14.0342,57.8592],[14.0348,57.8601],[14.0326,57.8603],[14.0324,57.8594],[14.0302,57.8597],[14.0282,57.8585],[14.0261,57.8547],[14.0226,57.8531],[14.021,57.8501],[14.0187,57.8513],[14.0128,57.8498],[14.0129,57.8474],[14.015,57.8453],[14.013,57.8437],[14.0142,57.8365],[14.0129,57.8323],[14.0173,57.8256],[14.0154,57.8238],[14.0094,57.7987],[14.0129,57.79],[14.027,57.7668],[14.0339,57.7614],[14.0366,57.761],[14.0246,57.744],[14.0103,57.7357],[14.01,57.7323],[14.0049,57.7276],[14.0009,57.7195],[13.9982,57.7167],[13.9944,57.7159],[13.9984,57.7119],[14.0088,57.707],[14.0049,57.7046],[14.0012,57.7038],[13.9984,57.6986],[13.994,57.6951],[13.9892,57.6958],[13.9845,57.6976],[13.9833,57.6968],[13.974,57.6958],[13.9679,57.6971],[13.9674,57.6944],[13.9646,57.692],[13.9653,57.6915],[13.9629,57.6907],[13.9619,57.6893],[13.9626,57.687],[13.9615,57.6844],[13.9631,57.684],[13.9718,57.6831],[13.9789,57.6813],[13.9889,57.6823],[14.0009,57.6821],[13.9958,57.6806],[13.9941,57.6792],[13.9867,57.6606],[13.9806,57.6603],[13.9767,57.6582],[13.9739,57.6583],[13.972,57.6576],[13.9691,57.658],[13.9687,57.6562],[13.9653,57.6545],[13.9546,57.6312],[13.9518,57.6277],[13.953,57.6237],[13.946,57.624],[13.9448,57.6224],[13.9418,57.6223],[13.9408,57.6209],[13.9383,57.6201],[13.933,57.6194],[13.9263,57.6199],[13.924,57.6182],[13.9194,57.6167],[13.9173,57.6103],[13.8696,57.6208],[13.8535,57.6229],[13.8465,57.6176],[13.8447,57.6177],[13.8403,57.6151],[13.8366,57.6153],[13.8341,57.6139],[13.8264,57.613],[13.8192,57.6142],[13.8075,57.6125],[13.8062,57.6103],[13.7991,57.608],[13.8021,57.606],[13.802,57.6042],[13.8049,57.6021],[13.8046,57.598],[13.8072,57.5965],[13.8008,57.5934],[13.7996,57.5909],[13.8014,57.5893],[13.8043,57.5887],[13.8126,57.5885],[13.8147,57.5878],[13.8133,57.5825],[13.8055,57.5807],[13.7897,57.5736],[13.7832,57.5665],[13.7839,57.5641],[13.7815,57.5608],[13.7773,57.5585],[13.7759,57.5552],[13.7573,57.5615],[13.7546,57.5615],[13.7515,57.5604],[13.7515,57.5629],[13.749,57.5649],[13.75,57.5667],[13.7421,57.5686],[13.7381,57.5685],[13.7369,57.5676],[13.7359,57.5683],[13.734,57.5678],[13.7324,57.5692],[13.7298,57.5697],[13.7265,57.5694],[13.7245,57.5662],[13.7195,57.5634],[13.7188,57.5593],[13.7177,57.5592],[13.7176,57.5601],[13.7026,57.5594],[13.701,57.5585],[13.6886,57.5583],[13.6862,57.5693],[13.6866,57.5764],[13.6813,57.5765],[13.6791,57.5776],[13.6802,57.5802],[13.6784,57.5822],[13.6786,57.5844],[13.674,57.585],[13.674,57.5859],[13.6716,57.587],[13.6735,57.5894],[13.6769,57.5901],[13.6791,57.5952],[13.6694,57.594],[13.6689,57.5945],[13.6702,57.6043],[13.6673,57.6093],[13.6687,57.6113],[13.666,57.6117],[13.6642,57.615],[13.6684,57.6178],[13.6689,57.6163],[13.6669,57.615],[13.6697,57.6153],[13.6712,57.6171],[13.6692,57.6186],[13.6707,57.6196],[13.6715,57.6275],[13.6825,57.6258],[13.6856,57.6324],[13.7076,57.6383],[13.7135,57.6499],[13.7125,57.6507],[13.7142,57.6516],[13.7248,57.6694],[13.7235,57.6818],[13.7036,57.6788],[13.7034,57.6782],[13.707,57.6766],[13.7082,57.675],[13.7073,57.6722],[13.7054,57.6727],[13.6947,57.6715],[13.6901,57.6726],[13.6849,57.6753],[13.6801,57.675],[13.6707,57.6761],[13.6577,57.666],[13.6439,57.6603],[13.617,57.6458],[13.5983,57.6446],[13.5884,57.6446],[13.5828,57.6459],[13.5826,57.6468],[13.5861,57.6496],[13.5845,57.65],[13.5837,57.6486],[13.5817,57.6483],[13.5806,57.6461],[13.5774,57.6478],[13.5764,57.6494],[13.5766,57.6542],[13.5388,57.6698],[13.535,57.6732],[13.5149,57.6562],[13.5037,57.6482],[13.4913,57.6412],[13.4748,57.6206],[13.4683,57.6195],[13.4625,57.6161],[13.4566,57.6139],[13.4536,57.6147],[13.4414,57.6108],[13.4378,57.6113],[13.4226,57.6164],[13.4131,57.616],[13.4091,57.6117],[13.3814,57.6209],[13.3723,57.6264],[13.3609,57.6284],[13.3504,57.6222],[13.3513,57.619],[13.3485,57.6186],[13.3456,57.6168],[13.3434,57.6134],[13.333,57.6127],[13.3276,57.6151],[13.3245,57.6145],[13.3226,57.6157],[13.324,57.6167],[13.3187,57.619],[13.3214,57.624],[13.3224,57.6315],[13.3294,57.6343],[13.3271,57.6361],[13.3135,57.6377],[13.309,57.6677],[13.2918,57.6676],[13.2902,57.6736],[13.2803,57.6712],[13.2755,57.6714],[13.2698,57.6704],[13.2672,57.669],[13.261,57.6677],[13.2589,57.666],[13.2554,57.6657],[13.2502,57.664],[13.2417,57.6595],[13.2383,57.6592],[13.2322,57.6542],[13.2271,57.652],[13.2275,57.6496],[13.2255,57.6479],[13.2197,57.6467],[13.2211,57.6455],[13.2188,57.6461],[13.2166,57.6454],[13.212,57.6534],[13.2,57.6565],[13.2056,57.6614],[13.2041,57.6626],[13.209,57.666],[13.2078,57.6678],[13.206,57.6685],[13.2031,57.668],[13.1983,57.6722],[13.1918,57.6696],[13.1932,57.6707],[13.1919,57.6717],[13.1929,57.6735],[13.1914,57.6735],[13.193,57.6761],[13.1886,57.6761],[13.1863,57.6735],[13.1617,57.6737],[13.1605,57.6744],[13.1497,57.6699],[13.1386,57.6691],[13.1353,57.6709],[13.1307,57.6685],[13.1207,57.6667],[13.1144,57.6668],[13.1079,57.6577],[13.1181,57.6565],[13.1165,57.6508],[13.1148,57.6507],[13.1149,57.6475],[13.1131,57.6469],[13.1103,57.6423],[13.0872,57.6235],[13.0904,57.6186],[13.0813,57.6185],[13.0759,57.6171],[13.0748,57.6159],[13.0766,57.6127],[13.056,57.606],[13.0524,57.6067],[13.0505,57.6056],[13.0423,57.6052],[13.0373,57.6032],[13.0326,57.6034],[13.0309,57.6017],[13.0288,57.6011],[13.0281,57.5996],[13.022,57.5974],[13.0251,57.5959],[13.0238,57.5952],[13.0178,57.5973],[13.0169,57.5966],[13.0226,57.5946],[13.0159,57.5912],[13.0173,57.5894],[13.0154,57.5887],[13.0136,57.5901],[13.0068,57.5866],[13.0019,57.5829],[12.998,57.5772],[12.9966,57.5771],[12.9956,57.5758],[12.9908,57.5736],[12.9916,57.5719],[12.9863,57.5723],[12.9574,57.5674],[12.9574,57.5699],[12.9592,57.5713],[12.9589,57.5749],[12.9544,57.5749],[12.9477,57.5733],[12.9287,57.5635],[12.9263,57.5641],[12.9208,57.5633],[12.9191,57.5634],[12.9206,57.5695],[12.92,57.573],[12.9165,57.5746],[12.9029,57.5641],[12.8998,57.5647],[12.8831,57.5585],[12.8792,57.5565],[12.8806,57.5557],[12.878,57.5546],[12.8698,57.5567],[12.8689,57.556],[12.8682,57.5569],[12.865,57.5577],[12.8664,57.5588],[12.8539,57.5671],[12.8553,57.5702],[12.8538,57.5712],[12.8519,57.5701],[12.8503,57.5718],[12.849,57.5709],[12.8469,57.5712],[12.8463,57.5706],[12.8435,57.5713],[12.8454,57.5716],[12.84,57.5748],[12.8125,57.5882],[12.8015,57.5911],[12.7976,57.5891],[12.7936,57.5894],[12.7896,57.5887],[12.7873,57.5855],[12.7431,57.5682],[12.7342,57.5598],[12.7093,57.5656],[12.7066,57.5655],[12.7057,57.5644],[12.6987,57.5654],[12.6974,57.5644],[12.694,57.5646],[12.6891,57.5683],[12.6835,57.5681],[12.6812,57.5693],[12.661,57.566],[12.6518,57.5683],[12.6424,57.5743],[12.6408,57.5764],[12.6347,57.5788],[12.6354,57.5826],[12.6375,57.5854],[12.634,57.5947],[12.639,57.5958],[12.642,57.5955],[12.6451,57.6001],[12.6543,57.6035],[12.6533,57.6048],[12.6559,57.6067],[12.6552,57.6075],[12.6568,57.6087],[12.6556,57.6098],[12.6574,57.6112],[12.656,57.6136],[12.6547,57.6138],[12.6554,57.617],[12.654,57.6177],[12.656,57.6193],[12.6573,57.6237],[12.6508,57.629],[12.6509,57.6326],[12.653,57.6335],[12.6454,57.6389],[12.6421,57.635],[12.6329,57.6417],[12.6674,57.6538],[12.6695,57.6538],[12.6726,57.6551],[12.671,57.6565],[12.672,57.6581],[12.6809,57.6622],[12.684,57.661],[12.6834,57.6628],[12.6944,57.6652],[12.7032,57.6687],[12.7086,57.6679],[12.7628,57.6861],[12.7514,57.6892],[12.7549,57.6908],[12.7539,57.6965],[12.7614,57.6986],[12.7355,57.7142],[12.7205,57.7169],[12.7166,57.7187],[12.7216,57.724],[12.7202,57.7257],[12.7067,57.7232],[12.7015,57.725],[12.7015,57.7275],[12.6977,57.7311],[12.7136,57.7379],[12.7144,57.7406],[12.7112,57.741],[12.7174,57.7528],[12.7199,57.7532],[12.719,57.7627],[12.7224,57.7755],[12.7269,57.7792],[12.7301,57.7839],[12.7363,57.7871],[12.736,57.7885],[12.7295,57.7893],[12.7264,57.7929],[12.7237,57.7927],[12.6993,57.8018],[12.7007,57.8082],[12.7073,57.8167],[12.7206,57.8178],[12.7191,57.8183],[12.7209,57.819],[12.7361,57.8211],[12.7495,57.8274],[12.7561,57.832],[12.7437,57.8348],[12.7638,57.8444],[12.762,57.8597],[12.7565,57.8654],[12.7422,57.863],[12.6807,57.8613],[12.6704,57.8598],[12.6639,57.8568],[12.661,57.857],[12.6583,57.8518],[12.6555,57.8496],[12.6494,57.8481],[12.6467,57.8457],[12.6443,57.8457],[12.6436,57.8429],[12.6394,57.8404],[12.6198,57.8334],[12.6083,57.8313],[12.5936,57.8225],[12.5927,57.8218],[12.6,57.8097],[12.5929,57.8046],[12.5862,57.7972],[12.5762,57.7915],[12.5437,57.7786],[12.5205,57.7653],[12.518,57.7625],[12.5152,57.7619],[12.4981,57.7665],[12.4845,57.7765]]]}}]}